"","CODE_REGIS","Presi","VOTOS"
"1",1001,"Fajardo",103659
"2",1001,"Fico",443195
"3",1001,"Petro",174417
"4",1004,"Fajardo",373
"5",1004,"Fico",1863
"6",1004,"Petro",336
"7",1007,"Fajardo",41
"8",1007,"Fico",382
"9",1007,"Petro",138
"10",1010,"Fajardo",117
"11",1010,"Fico",876
"12",1010,"Petro",135
"13",1013,"Fajardo",718
"14",1013,"Fico",2538
"15",1013,"Petro",1167
"16",1016,"Fajardo",484
"17",1016,"Fico",1116
"18",1016,"Petro",455
"19",1019,"Fajardo",1286
"20",1019,"Fico",4186
"21",1019,"Petro",1239
"22",1022,"Fajardo",142
"23",1022,"Fico",531
"24",1022,"Petro",207
"25",1025,"Fajardo",156
"26",1025,"Fico",391
"27",1025,"Petro",122
"28",1028,"Fajardo",139
"29",1028,"Fico",469
"30",1028,"Petro",341
"31",1031,"Fajardo",621
"32",1031,"Fico",2063
"33",1031,"Petro",1088
"34",1034,"Fajardo",205
"35",1034,"Fico",396
"36",1034,"Petro",91
"37",1035,"Fajardo",2499
"38",1035,"Fico",7967
"39",1035,"Petro",12699
"40",1037,"Fajardo",484
"41",1037,"Fico",1020
"42",1037,"Petro",2029
"43",1039,"Fajardo",131
"44",1039,"Fico",516
"45",1039,"Petro",110
"46",1040,"Fajardo",102
"47",1040,"Fico",568
"48",1040,"Petro",110
"49",1043,"Fajardo",1481
"50",1043,"Fico",4999
"51",1043,"Petro",2873
"52",1046,"Fajardo",178
"53",1046,"Fico",743
"54",1046,"Petro",103
"55",1049,"Fajardo",16259
"56",1049,"Fico",67851
"57",1049,"Petro",32386
"58",1052,"Fajardo",229
"59",1052,"Fico",939
"60",1052,"Petro",144
"61",1055,"Fajardo",219
"62",1055,"Fico",1017
"63",1055,"Petro",158
"64",1058,"Fajardo",667
"65",1058,"Fico",3976
"66",1058,"Petro",666
"67",1061,"Fajardo",168
"68",1061,"Fico",437
"69",1061,"Petro",268
"70",1062,"Fajardo",150
"71",1062,"Fico",400
"72",1062,"Petro",286
"73",1064,"Fajardo",329
"74",1064,"Fico",563
"75",1064,"Petro",1276
"76",1067,"Fajardo",147
"77",1067,"Fico",355
"78",1067,"Petro",193
"79",1070,"Fajardo",3900
"80",1070,"Fico",12571
"81",1070,"Petro",5958
"82",1073,"Fajardo",122
"83",1073,"Fico",299
"84",1073,"Petro",102
"85",1076,"Fajardo",307
"86",1076,"Fico",1474
"87",1076,"Petro",336
"88",1078,"Fajardo",73
"89",1078,"Fico",411
"90",1078,"Petro",189
"91",1079,"Fajardo",412
"92",1079,"Fico",459
"93",1079,"Petro",140
"94",1080,"Fajardo",1246
"95",1080,"Fico",2963
"96",1080,"Petro",5033
"97",1082,"Fajardo",2683
"98",1082,"Fico",8222
"99",1082,"Petro",3862
"100",1085,"Fajardo",140
"101",1085,"Fico",744
"102",1085,"Petro",252
"103",1088,"Fajardo",2530
"104",1088,"Fico",4186
"105",1088,"Petro",7559
"106",1091,"Fajardo",282
"107",1091,"Fico",1228
"108",1091,"Petro",488
"109",1094,"Fajardo",288
"110",1094,"Fico",2882
"111",1094,"Petro",356
"112",1097,"Fajardo",168
"113",1097,"Fico",770
"114",1097,"Petro",83
"115",1100,"Fajardo",308
"116",1100,"Fico",1499
"117",1100,"Petro",251
"118",1103,"Fajardo",3744
"119",1103,"Fico",14266
"120",1103,"Petro",7359
"121",1106,"Fajardo",1006
"122",1106,"Fico",2502
"123",1106,"Petro",4267
"124",1109,"Fajardo",296
"125",1109,"Fico",737
"126",1109,"Petro",619
"127",1112,"Fajardo",754
"128",1112,"Fico",2359
"129",1112,"Petro",576
"130",1115,"Fajardo",220
"131",1115,"Fico",1790
"132",1115,"Petro",275
"133",1117,"Fajardo",816
"134",1117,"Fico",1439
"135",1117,"Petro",2406
"136",1118,"Fajardo",418
"137",1118,"Fico",1290
"138",1118,"Petro",322
"139",1121,"Fajardo",16284
"140",1121,"Fico",75286
"141",1121,"Petro",17816
"142",1124,"Fajardo",744
"143",1124,"Fico",2224
"144",1124,"Petro",714
"145",1127,"Fajardo",355
"146",1127,"Fico",1241
"147",1127,"Petro",422
"148",1130,"Fajardo",216
"149",1130,"Fico",578
"150",1130,"Petro",254
"151",1133,"Fajardo",2196
"152",1133,"Fico",9136
"153",1133,"Petro",4135
"154",1136,"Fajardo",267
"155",1136,"Fico",1744
"156",1136,"Petro",308
"157",1139,"Fajardo",229
"158",1139,"Fico",2092
"159",1139,"Petro",301
"160",1140,"Fajardo",147
"161",1140,"Fico",552
"162",1140,"Petro",179
"163",1142,"Fajardo",2272
"164",1142,"Fico",8767
"165",1142,"Petro",2943
"166",1145,"Fajardo",475
"167",1145,"Fico",2194
"168",1145,"Petro",474
"169",1148,"Fajardo",140
"170",1148,"Fico",662
"171",1148,"Petro",175
"172",1150,"Fajardo",154
"173",1150,"Fico",562
"174",1150,"Petro",214
"175",1151,"Fajardo",12936
"176",1151,"Fico",55743
"177",1151,"Petro",22387
"178",1154,"Fajardo",420
"179",1154,"Fico",577
"180",1154,"Petro",393
"181",1157,"Fajardo",537
"182",1157,"Fico",1928
"183",1157,"Petro",858
"184",1160,"Fajardo",433
"185",1160,"Fico",1711
"186",1160,"Petro",443
"187",1163,"Fajardo",3723
"188",1163,"Fico",14250
"189",1163,"Petro",3898
"190",1166,"Fajardo",3108
"191",1166,"Fico",12029
"192",1166,"Petro",5160
"193",1168,"Fajardo",349
"194",1168,"Fico",919
"195",1168,"Petro",1482
"196",1169,"Fajardo",1038
"197",1169,"Fico",3710
"198",1169,"Petro",1082
"199",1170,"Fajardo",116
"200",1170,"Fico",764
"201",1170,"Petro",315
"202",1172,"Fajardo",358
"203",1172,"Fico",1594
"204",1172,"Petro",309
"205",1175,"Fajardo",206
"206",1175,"Fico",912
"207",1175,"Petro",249
"208",1178,"Fajardo",2757
"209",1178,"Fico",10187
"210",1178,"Petro",3717
"211",1181,"Fajardo",212
"212",1181,"Fico",541
"213",1181,"Petro",188
"214",1184,"Fajardo",26
"215",1184,"Fico",39
"216",1184,"Petro",679
"217",1187,"Fajardo",199
"218",1187,"Fico",516
"219",1187,"Petro",890
"220",1190,"Fajardo",158
"221",1190,"Fico",757
"222",1190,"Petro",135
"223",1191,"Fajardo",316
"224",1191,"Fico",555
"225",1191,"Petro",949
"226",1192,"Fajardo",892
"227",1192,"Fico",1706
"228",1192,"Petro",2035
"229",1193,"Fajardo",97
"230",1193,"Fico",487
"231",1193,"Petro",51
"232",1196,"Fajardo",638
"233",1196,"Fico",2859
"234",1196,"Petro",838
"235",1199,"Fajardo",121
"236",1199,"Fico",300
"237",1199,"Petro",397
"238",1202,"Fajardo",250
"239",1202,"Fico",987
"240",1202,"Petro",236
"241",1205,"Fajardo",701
"242",1205,"Fico",2569
"243",1205,"Petro",1809
"244",1206,"Fajardo",519
"245",1206,"Fico",1336
"246",1206,"Petro",738
"247",1208,"Fajardo",306
"248",1208,"Fico",643
"249",1208,"Petro",825
"250",1211,"Fajardo",1140
"251",1211,"Fico",6807
"252",1211,"Petro",979
"253",1214,"Fajardo",8147
"254",1214,"Fico",32145
"255",1214,"Petro",10825
"256",1217,"Fajardo",112
"257",1217,"Fico",441
"258",1217,"Petro",135
"259",1218,"Fajardo",5890
"260",1218,"Fico",26734
"261",1218,"Petro",7858
"262",1220,"Fajardo",209
"263",1220,"Fico",1610
"264",1220,"Petro",170
"265",1223,"Fajardo",86
"266",1223,"Fico",403
"267",1223,"Petro",119
"268",1226,"Fajardo",503
"269",1226,"Fico",2007
"270",1226,"Petro",595
"271",1227,"Fajardo",170
"272",1227,"Fico",475
"273",1227,"Petro",195
"274",1229,"Fajardo",350
"275",1229,"Fico",1716
"276",1229,"Petro",366
"277",1230,"Fajardo",151
"278",1230,"Fico",254
"279",1230,"Petro",86
"280",1231,"Fajardo",529
"281",1231,"Fico",695
"282",1231,"Petro",1339
"283",1232,"Fajardo",290
"284",1232,"Fico",1087
"285",1232,"Petro",493
"286",1235,"Fajardo",928
"287",1235,"Fico",3436
"288",1235,"Petro",920
"289",1237,"Fajardo",809
"290",1237,"Fico",1035
"291",1237,"Petro",1100
"292",1238,"Fajardo",380
"293",1238,"Fico",1608
"294",1238,"Petro",524
"295",1241,"Fajardo",365
"296",1241,"Fico",2061
"297",1241,"Petro",336
"298",1244,"Fajardo",746
"299",1244,"Fico",2323
"300",1244,"Petro",670
"301",1247,"Fajardo",833
"302",1247,"Fico",2385
"303",1247,"Petro",1011
"304",1250,"Fajardo",1282
"305",1250,"Fico",3411
"306",1250,"Petro",1055
"307",1253,"Fajardo",332
"308",1253,"Fico",1222
"309",1253,"Petro",304
"310",1256,"Fajardo",1051
"311",1256,"Fico",8617
"312",1256,"Petro",1124
"313",1259,"Fajardo",405
"314",1259,"Fico",749
"315",1259,"Petro",1582
"316",1262,"Fajardo",792
"317",1262,"Fico",2702
"318",1262,"Petro",636
"319",1265,"Fajardo",541
"320",1265,"Fico",2381
"321",1265,"Petro",577
"322",1268,"Fajardo",739
"323",1268,"Fico",1918
"324",1268,"Petro",740
"325",1270,"Fajardo",313
"326",1270,"Fico",469
"327",1270,"Petro",1028
"328",1271,"Fajardo",175
"329",1271,"Fico",758
"330",1271,"Petro",260
"331",1274,"Fajardo",325
"332",1274,"Fico",1102
"333",1274,"Petro",254
"334",1277,"Fajardo",80
"335",1277,"Fico",190
"336",1277,"Petro",138
"337",1280,"Fajardo",2017
"338",1280,"Fico",4063
"339",1280,"Petro",11061
"340",1282,"Fajardo",113
"341",1282,"Fico",349
"342",1282,"Petro",103
"343",1283,"Fajardo",475
"344",1283,"Fico",1390
"345",1283,"Petro",661
"346",1286,"Fajardo",153
"347",1286,"Fico",584
"348",1286,"Petro",363
"349",1289,"Fajardo",176
"350",1289,"Fico",862
"351",1289,"Petro",253
"352",1290,"Fajardo",226
"353",1290,"Fico",878
"354",1290,"Petro",228
"355",1291,"Fajardo",241
"356",1291,"Fico",69
"357",1291,"Petro",851
"358",1292,"Fajardo",608
"359",1292,"Fico",1801
"360",1292,"Petro",302
"361",1293,"Fajardo",115
"362",1293,"Fico",555
"363",1293,"Petro",152
"364",1295,"Fajardo",1706
"365",1295,"Fico",3062
"366",1295,"Petro",1272
"367",1298,"Fajardo",384
"368",1298,"Fico",1283
"369",1298,"Petro",478
"370",1300,"Fajardo",295
"371",1300,"Fico",592
"372",1300,"Petro",1773
"373",1301,"Fajardo",447
"374",1301,"Fico",520
"375",1301,"Petro",1356
"376",3001,"Fajardo",22332
"377",3001,"Fico",230973
"378",3001,"Petro",180952
"379",3004,"Fajardo",834
"380",3004,"Fico",15541
"381",3004,"Petro",9190
"382",3007,"Fajardo",339
"383",3007,"Fico",4960
"384",3007,"Petro",1560
"385",3010,"Fajardo",283
"386",3010,"Fico",4932
"387",3010,"Petro",958
"388",3013,"Fajardo",761
"389",3013,"Fico",7636
"390",3013,"Petro",7345
"391",3016,"Fajardo",262
"392",3016,"Fico",5724
"393",3016,"Petro",2098
"394",3019,"Fajardo",381
"395",3019,"Fico",8564
"396",3019,"Petro",1840
"397",3022,"Fajardo",1706
"398",3022,"Fico",14029
"399",3022,"Petro",18038
"400",3025,"Fajardo",178
"401",3025,"Fico",4227
"402",3025,"Petro",826
"403",3028,"Fajardo",249
"404",3028,"Fico",5506
"405",3028,"Petro",4153
"406",3031,"Fajardo",44
"407",3031,"Fico",1500
"408",3031,"Petro",800
"409",3034,"Fajardo",291
"410",3034,"Fico",3447
"411",3034,"Petro",2748
"412",3035,"Fajardo",235
"413",3035,"Fico",5499
"414",3035,"Petro",2162
"415",3037,"Fajardo",800
"416",3037,"Fico",8936
"417",3037,"Petro",6436
"418",3040,"Fajardo",267
"419",3040,"Fico",4597
"420",3040,"Petro",1981
"421",3043,"Fajardo",389
"422",3043,"Fico",5140
"423",3043,"Petro",4538
"424",3046,"Fajardo",1285
"425",3046,"Fico",18873
"426",3046,"Petro",11565
"427",3047,"Fajardo",107
"428",3047,"Fico",4164
"429",3047,"Petro",827
"430",3049,"Fajardo",380
"431",3049,"Fico",4967
"432",3049,"Petro",5145
"433",3052,"Fajardo",4860
"434",3052,"Fico",48102
"435",3052,"Petro",62551
"436",3055,"Fajardo",240
"437",3055,"Fico",2291
"438",3055,"Petro",832
"439",3058,"Fajardo",194
"440",3058,"Fico",3144
"441",3058,"Petro",1384
"442",3061,"Fajardo",107
"443",3061,"Fico",2134
"444",3061,"Petro",940
"445",5001,"Fajardo",25554
"446",5001,"Fico",77148
"447",5001,"Petro",141915
"448",5004,"Fajardo",251
"449",5004,"Fico",1220
"450",5004,"Petro",1137
"451",5005,"Fajardo",73
"452",5005,"Fico",486
"453",5005,"Petro",1276
"454",5006,"Fajardo",78
"455",5006,"Fico",425
"456",5006,"Petro",927
"457",5007,"Fajardo",1606
"458",5007,"Fico",3764
"459",5007,"Petro",9377
"460",5009,"Fajardo",105
"461",5009,"Fico",1029
"462",5009,"Petro",658
"463",5010,"Fajardo",88
"464",5010,"Fico",398
"465",5010,"Petro",797
"466",5013,"Fajardo",114
"467",5013,"Fico",2401
"468",5013,"Petro",1616
"469",5014,"Fajardo",183
"470",5014,"Fico",348
"471",5014,"Petro",1823
"472",5015,"Fajardo",111
"473",5015,"Fico",534
"474",5015,"Petro",1866
"475",5016,"Fajardo",223
"476",5016,"Fico",1035
"477",5016,"Petro",2602
"478",5018,"Fajardo",191
"479",5018,"Fico",673
"480",5018,"Petro",1134
"481",5022,"Fajardo",1125
"482",5022,"Fico",7954
"483",5022,"Petro",5212
"484",5025,"Fajardo",128
"485",5025,"Fico",1107
"486",5025,"Petro",1149
"487",5026,"Fajardo",77
"488",5026,"Fico",404
"489",5026,"Petro",1026
"490",5027,"Fajardo",54
"491",5027,"Fico",224
"492",5027,"Petro",666
"493",5028,"Fajardo",2438
"494",5028,"Fico",9404
"495",5028,"Petro",18697
"496",5031,"Fajardo",503
"497",5031,"Fico",1175
"498",5031,"Petro",2745
"499",5037,"Fajardo",89
"500",5037,"Fico",591
"501",5037,"Petro",651
"502",5040,"Fajardo",1061
"503",5040,"Fico",1812
"504",5040,"Petro",5922
"505",5041,"Fajardo",114
"506",5041,"Fico",310
"507",5041,"Petro",1051
"508",5043,"Fajardo",476
"509",5043,"Fico",3021
"510",5043,"Petro",4874
"511",5044,"Fajardo",196
"512",5044,"Fico",834
"513",5044,"Petro",1143
"514",5050,"Fajardo",63
"515",5050,"Fico",113
"516",5050,"Petro",625
"517",5059,"Fajardo",125
"518",5059,"Fico",1230
"519",5059,"Petro",1677
"520",5063,"Fajardo",62
"521",5063,"Fico",435
"522",5063,"Petro",1129
"523",5065,"Fajardo",93
"524",5065,"Fico",243
"525",5065,"Petro",770
"526",5070,"Fajardo",124
"527",5070,"Fico",2242
"528",5070,"Petro",1324
"529",5072,"Fajardo",51
"530",5072,"Fico",953
"531",5072,"Petro",1382
"532",5073,"Fajardo",45
"533",5073,"Fico",369
"534",5073,"Petro",943
"535",5076,"Fajardo",977
"536",5076,"Fico",2442
"537",5076,"Petro",3166
"538",5078,"Fajardo",183
"539",5078,"Fico",425
"540",5078,"Petro",778
"541",5079,"Fajardo",725
"542",5079,"Fico",3717
"543",5079,"Petro",3480
"544",5082,"Fajardo",217
"545",5082,"Fico",411
"546",5082,"Petro",1739
"547",5084,"Fajardo",235
"548",5084,"Fico",415
"549",5084,"Petro",2193
"550",5091,"Fajardo",150
"551",5091,"Fico",981
"552",5091,"Petro",2129
"553",5094,"Fajardo",346
"554",5094,"Fico",683
"555",5094,"Petro",2824
"556",5095,"Fajardo",432
"557",5095,"Fico",754
"558",5095,"Petro",1171
"559",5097,"Fajardo",239
"560",5097,"Fico",424
"561",5097,"Petro",1235
"562",5106,"Fajardo",87
"563",5106,"Fico",921
"564",5106,"Petro",2321
"565",5110,"Fajardo",150
"566",5110,"Fico",1107
"567",5110,"Petro",1398
"568",5113,"Fajardo",101
"569",5113,"Fico",354
"570",5113,"Petro",1166
"571",5118,"Fajardo",2090
"572",5118,"Fico",6340
"573",5118,"Petro",11172
"574",5121,"Fajardo",526
"575",5121,"Fico",1087
"576",5121,"Petro",3088
"577",5124,"Fajardo",265
"578",5124,"Fico",833
"579",5124,"Petro",1490
"580",5127,"Fajardo",49
"581",5127,"Fico",725
"582",5127,"Petro",2147
"583",7001,"Fajardo",25571
"584",7001,"Fico",8636
"585",7001,"Petro",28454
"586",7007,"Fajardo",543
"587",7007,"Fico",49
"588",7007,"Petro",67
"589",7008,"Fajardo",2588
"590",7008,"Fico",277
"591",7008,"Petro",672
"592",7010,"Fajardo",1092
"593",7010,"Fico",148
"594",7010,"Petro",443
"595",7013,"Fajardo",1993
"596",7013,"Fico",250
"597",7013,"Petro",492
"598",7016,"Fajardo",397
"599",7016,"Fico",42
"600",7016,"Petro",120
"601",7019,"Fajardo",530
"602",7019,"Fico",37
"603",7019,"Petro",139
"604",7022,"Fajardo",1443
"605",7022,"Fico",180
"606",7022,"Petro",181
"607",7025,"Fajardo",832
"608",7025,"Fico",87
"609",7025,"Petro",261
"610",7028,"Fajardo",376
"611",7028,"Fico",53
"612",7028,"Petro",64
"613",7031,"Fajardo",1670
"614",7031,"Fico",92
"615",7031,"Petro",135
"616",7034,"Fajardo",418
"617",7034,"Fico",62
"618",7034,"Petro",90
"619",7037,"Fajardo",638
"620",7037,"Fico",117
"621",7037,"Petro",164
"622",7040,"Fajardo",771
"623",7040,"Fico",31
"624",7040,"Petro",68
"625",7043,"Fajardo",1224
"626",7043,"Fico",130
"627",7043,"Petro",440
"628",7046,"Fajardo",1249
"629",7046,"Fico",75
"630",7046,"Petro",117
"631",7049,"Fajardo",2494
"632",7049,"Fico",305
"633",7049,"Petro",1070
"634",7052,"Fajardo",727
"635",7052,"Fico",126
"636",7052,"Petro",117
"637",7055,"Fajardo",494
"638",7055,"Fico",119
"639",7055,"Petro",269
"640",7058,"Fajardo",676
"641",7058,"Fico",86
"642",7058,"Petro",62
"643",7059,"Fajardo",1049
"644",7059,"Fico",49
"645",7059,"Petro",478
"646",7060,"Fajardo",639
"647",7060,"Fico",116
"648",7060,"Petro",601
"649",7061,"Fajardo",410
"650",7061,"Fico",63
"651",7061,"Petro",126
"652",7064,"Fajardo",874
"653",7064,"Fico",89
"654",7064,"Petro",118
"655",7067,"Fajardo",9003
"656",7067,"Fico",2167
"657",7067,"Petro",4677
"658",7068,"Fajardo",1111
"659",7068,"Fico",15
"660",7068,"Petro",380
"661",7070,"Fajardo",1202
"662",7070,"Fico",25
"663",7070,"Petro",51
"664",7073,"Fajardo",1689
"665",7073,"Fico",82
"666",7073,"Petro",188
"667",7076,"Fajardo",530
"668",7076,"Fico",274
"669",7076,"Petro",177
"670",7077,"Fajardo",1024
"671",7077,"Fico",111
"672",7077,"Petro",266
"673",7078,"Fajardo",447
"674",7078,"Fico",114
"675",7078,"Petro",37
"676",7079,"Fajardo",18129
"677",7079,"Fico",5668
"678",7079,"Petro",16890
"679",7082,"Fajardo",924
"680",7082,"Fico",100
"681",7082,"Petro",87
"682",7085,"Fajardo",606
"683",7085,"Fico",93
"684",7085,"Petro",51
"685",7088,"Fajardo",1041
"686",7088,"Fico",179
"687",7088,"Petro",796
"688",7091,"Fajardo",1622
"689",7091,"Fico",114
"690",7091,"Petro",163
"691",7094,"Fajardo",906
"692",7094,"Fico",72
"693",7094,"Petro",195
"694",7097,"Fajardo",893
"695",7097,"Fico",93
"696",7097,"Petro",220
"697",7100,"Fajardo",3677
"698",7100,"Fico",472
"699",7100,"Petro",1071
"700",7103,"Fajardo",708
"701",7103,"Fico",34
"702",7103,"Petro",24
"703",7106,"Fajardo",2816
"704",7106,"Fico",225
"705",7106,"Petro",549
"706",7109,"Fajardo",1046
"707",7109,"Fico",169
"708",7109,"Petro",122
"709",7112,"Fajardo",655
"710",7112,"Fico",90
"711",7112,"Petro",256
"712",7118,"Fajardo",458
"713",7118,"Fico",175
"714",7118,"Petro",224
"715",7121,"Fajardo",1642
"716",7121,"Fico",141
"717",7121,"Petro",436
"718",7124,"Fajardo",904
"719",7124,"Fico",47
"720",7124,"Petro",69
"721",7127,"Fajardo",1204
"722",7127,"Fico",44
"723",7127,"Petro",115
"724",7130,"Fajardo",644
"725",7130,"Fico",63
"726",7130,"Petro",132
"727",7136,"Fajardo",902
"728",7136,"Fico",208
"729",7136,"Petro",37
"730",7137,"Fajardo",537
"731",7137,"Fico",54
"732",7137,"Petro",40
"733",7139,"Fajardo",2556
"734",7139,"Fico",892
"735",7139,"Petro",1742
"736",7142,"Fajardo",1084
"737",7142,"Fico",112
"738",7142,"Petro",140
"739",7148,"Fajardo",879
"740",7148,"Fico",316
"741",7148,"Petro",167
"742",7151,"Fajardo",3173
"743",7151,"Fico",165
"744",7151,"Petro",665
"745",7154,"Fajardo",985
"746",7154,"Fico",172
"747",7154,"Petro",207
"748",7157,"Fajardo",871
"749",7157,"Fico",134
"750",7157,"Petro",329
"751",7160,"Fajardo",4486
"752",7160,"Fico",887
"753",7160,"Petro",1820
"754",7161,"Fajardo",1133
"755",7161,"Fico",99
"756",7161,"Petro",846
"757",7163,"Fajardo",1593
"758",7163,"Fico",209
"759",7163,"Petro",360
"760",7166,"Fajardo",3087
"761",7166,"Fico",379
"762",7166,"Petro",2908
"763",7169,"Fajardo",1353
"764",7169,"Fico",110
"765",7169,"Petro",308
"766",7173,"Fajardo",599
"767",7173,"Fico",101
"768",7173,"Petro",387
"769",7176,"Fajardo",1110
"770",7176,"Fico",337
"771",7176,"Petro",236
"772",7178,"Fajardo",672
"773",7178,"Fico",75
"774",7178,"Petro",88
"775",7179,"Fajardo",829
"776",7179,"Fico",52
"777",7179,"Petro",112
"778",7181,"Fajardo",6741
"779",7181,"Fico",1473
"780",7181,"Petro",4304
"781",7184,"Fajardo",304
"782",7184,"Fico",68
"783",7184,"Petro",100
"784",7187,"Fajardo",526
"785",7187,"Fico",50
"786",7187,"Petro",41
"787",7190,"Fajardo",1560
"788",7190,"Fico",200
"789",7190,"Petro",246
"790",7193,"Fajardo",531
"791",7193,"Fico",20
"792",7193,"Petro",33
"793",7199,"Fajardo",1475
"794",7199,"Fico",54
"795",7199,"Petro",369
"796",7202,"Fajardo",1388
"797",7202,"Fico",186
"798",7202,"Petro",350
"799",7205,"Fajardo",313
"800",7205,"Fico",26
"801",7205,"Petro",72
"802",7214,"Fajardo",3287
"803",7214,"Fico",2996
"804",7214,"Petro",3883
"805",7215,"Fajardo",1329
"806",7215,"Fico",136
"807",7215,"Petro",137
"808",7217,"Fajardo",2774
"809",7217,"Fico",284
"810",7217,"Petro",688
"811",7220,"Fajardo",1410
"812",7220,"Fico",119
"813",7220,"Petro",364
"814",7223,"Fajardo",771
"815",7223,"Fico",69
"816",7223,"Petro",151
"817",7226,"Fajardo",2907
"818",7226,"Fico",290
"819",7226,"Petro",659
"820",7232,"Fajardo",854
"821",7232,"Fico",151
"822",7232,"Petro",450
"823",7235,"Fajardo",3942
"824",7235,"Fico",329
"825",7235,"Petro",1283
"826",7237,"Fajardo",477
"827",7237,"Fico",36
"828",7237,"Petro",99
"829",7238,"Fajardo",1229
"830",7238,"Fico",207
"831",7238,"Petro",171
"832",7241,"Fajardo",829
"833",7241,"Fico",168
"834",7241,"Petro",164
"835",7247,"Fajardo",661
"836",7247,"Fico",410
"837",7247,"Petro",70
"838",7248,"Fajardo",648
"839",7248,"Fico",106
"840",7248,"Petro",109
"841",7249,"Fajardo",1138
"842",7249,"Fico",223
"843",7249,"Petro",184
"844",7250,"Fajardo",1221
"845",7250,"Fico",363
"846",7250,"Petro",395
"847",7251,"Fajardo",895
"848",7251,"Fico",88
"849",7251,"Petro",251
"850",7253,"Fajardo",2705
"851",7253,"Fico",498
"852",7253,"Petro",795
"853",7256,"Fajardo",874
"854",7256,"Fico",132
"855",7256,"Petro",146
"856",7259,"Fajardo",563
"857",7259,"Fico",114
"858",7259,"Petro",65
"859",7262,"Fajardo",293
"860",7262,"Fico",65
"861",7262,"Petro",50
"862",7265,"Fajardo",1361
"863",7265,"Fico",107
"864",7265,"Petro",405
"865",7268,"Fajardo",2084
"866",7268,"Fico",432
"867",7268,"Petro",632
"868",7271,"Fajardo",2149
"869",7271,"Fico",43
"870",7271,"Petro",187
"871",7274,"Fajardo",2740
"872",7274,"Fico",81
"873",7274,"Petro",295
"874",7277,"Fajardo",19271
"875",7277,"Fico",4946
"876",7277,"Petro",17001
"877",7280,"Fajardo",966
"878",7280,"Fico",73
"879",7280,"Petro",89
"880",7281,"Fajardo",730
"881",7281,"Fico",71
"882",7281,"Petro",310
"883",7282,"Fajardo",1465
"884",7282,"Fico",160
"885",7282,"Petro",536
"886",7283,"Fajardo",1474
"887",7283,"Fico",190
"888",7283,"Petro",440
"889",7286,"Fajardo",793
"890",7286,"Fico",59
"891",7286,"Petro",102
"892",7289,"Fajardo",2263
"893",7289,"Fico",210
"894",7289,"Petro",445
"895",7292,"Fajardo",1396
"896",7292,"Fico",84
"897",7292,"Petro",138
"898",7298,"Fajardo",1238
"899",7298,"Fico",114
"900",7298,"Petro",343
"901",7301,"Fajardo",1482
"902",7301,"Fico",87
"903",7301,"Petro",108
"904",7304,"Fajardo",1912
"905",7304,"Fico",113
"906",7304,"Petro",461
"907",7307,"Fajardo",1972
"908",7307,"Fico",351
"909",7307,"Petro",1347
"910",7310,"Fajardo",617
"911",7310,"Fico",141
"912",7310,"Petro",389
"913",7311,"Fajardo",852
"914",7311,"Fico",49
"915",7311,"Petro",153
"916",7313,"Fajardo",1392
"917",7313,"Fico",206
"918",7313,"Petro",792
"919",7316,"Fajardo",567
"920",7316,"Fico",169
"921",7316,"Petro",127
"922",7319,"Fajardo",968
"923",7319,"Fico",157
"924",7319,"Petro",271
"925",7322,"Fajardo",1041
"926",7322,"Fico",36
"927",7322,"Petro",164
"928",7324,"Fajardo",400
"929",7324,"Fico",78
"930",7324,"Petro",106
"931",7325,"Fajardo",1505
"932",7325,"Fico",156
"933",7325,"Petro",300
"934",7328,"Fajardo",2273
"935",7328,"Fico",302
"936",7328,"Petro",889
"937",7331,"Fajardo",778
"938",7331,"Fico",74
"939",7331,"Petro",133
"940",7334,"Fajardo",2719
"941",7334,"Fico",85
"942",7334,"Petro",201
"943",7337,"Fajardo",3637
"944",7337,"Fico",209
"945",7337,"Petro",697
"946",7340,"Fajardo",741
"947",7340,"Fico",87
"948",7340,"Petro",74
"949",7346,"Fajardo",1803
"950",7346,"Fico",50
"951",7346,"Petro",262
"952",9001,"Fajardo",33021
"953",9001,"Fico",43127
"954",9001,"Petro",45746
"955",9004,"Fajardo",844
"956",9004,"Fico",1767
"957",9004,"Petro",505
"958",9007,"Fajardo",876
"959",9007,"Fico",2554
"960",9007,"Petro",1627
"961",9013,"Fajardo",639
"962",9013,"Fico",968
"963",9013,"Petro",290
"964",9022,"Fajardo",520
"965",9022,"Fico",815
"966",9022,"Petro",538
"967",9034,"Fajardo",2470
"968",9034,"Fico",4173
"969",9034,"Petro",4277
"970",9037,"Fajardo",432
"971",9037,"Fico",785
"972",9037,"Petro",316
"973",9049,"Fajardo",2069
"974",9049,"Fico",4387
"975",9049,"Petro",4211
"976",9052,"Fajardo",196
"977",9052,"Fico",406
"978",9052,"Petro",197
"979",9055,"Fajardo",496
"980",9055,"Fico",940
"981",9055,"Petro",505
"982",9058,"Fajardo",263
"983",9058,"Fico",287
"984",9058,"Petro",322
"985",9061,"Fajardo",469
"986",9061,"Fico",644
"987",9061,"Petro",395
"988",9067,"Fajardo",69
"989",9067,"Fico",140
"990",9067,"Petro",73
"991",9076,"Fajardo",1073
"992",9076,"Fico",1437
"993",9076,"Petro",919
"994",9078,"Fajardo",135
"995",9078,"Fico",299
"996",9078,"Petro",301
"997",9079,"Fajardo",450
"998",9079,"Fico",1222
"999",9079,"Petro",339
"1000",9082,"Fajardo",436
"1001",9082,"Fico",978
"1002",9082,"Petro",1335
"1003",9085,"Fajardo",373
"1004",9085,"Fico",768
"1005",9085,"Petro",620
"1006",9103,"Fajardo",1206
"1007",9103,"Fico",3334
"1008",9103,"Petro",3201
"1009",9106,"Fajardo",322
"1010",9106,"Fico",898
"1011",9106,"Petro",619
"1012",9109,"Fajardo",716
"1013",9109,"Fico",1292
"1014",9109,"Petro",699
"1015",9115,"Fajardo",486
"1016",9115,"Fico",895
"1017",9115,"Petro",710
"1018",9120,"Fajardo",113
"1019",9120,"Fico",426
"1020",9120,"Petro",214
"1021",9124,"Fajardo",634
"1022",9124,"Fico",1672
"1023",9124,"Petro",1193
"1024",9127,"Fajardo",365
"1025",9127,"Fico",481
"1026",9127,"Petro",351
"1027",9130,"Fajardo",3241
"1028",9130,"Fico",4338
"1029",9130,"Petro",5018
"1030",9133,"Fajardo",425
"1031",9133,"Fico",1660
"1032",9133,"Petro",689
"1033",11001,"Fajardo",13183
"1034",11001,"Fico",23237
"1035",11001,"Petro",68807
"1036",11004,"Fajardo",38
"1037",11004,"Fico",41
"1038",11004,"Petro",3906
"1039",11005,"Fajardo",148
"1040",11005,"Fico",137
"1041",11005,"Petro",6099
"1042",11006,"Fajardo",165
"1043",11006,"Fico",104
"1044",11006,"Petro",5001
"1045",11007,"Fajardo",253
"1046",11007,"Fico",331
"1047",11007,"Petro",8792
"1048",11010,"Fajardo",206
"1049",11010,"Fico",341
"1050",11010,"Petro",3723
"1051",11013,"Fajardo",620
"1052",11013,"Fico",885
"1053",11013,"Petro",4341
"1054",11016,"Fajardo",375
"1055",11016,"Fico",383
"1056",11016,"Petro",6957
"1057",11019,"Fajardo",435
"1058",11019,"Fico",703
"1059",11019,"Petro",5904
"1060",11022,"Fajardo",425
"1061",11022,"Fico",602
"1062",11022,"Petro",4896
"1063",11025,"Fajardo",1045
"1064",11025,"Fico",837
"1065",11025,"Petro",5009
"1066",11027,"Fajardo",72
"1067",11027,"Fico",49
"1068",11027,"Petro",1151
"1069",11028,"Fajardo",439
"1070",11028,"Fico",872
"1071",11028,"Petro",6032
"1072",11029,"Fajardo",247
"1073",11029,"Fico",513
"1074",11029,"Petro",6755
"1075",11031,"Fajardo",380
"1076",11031,"Fico",413
"1077",11031,"Petro",5381
"1078",11034,"Fajardo",80
"1079",11034,"Fico",73
"1080",11034,"Petro",3654
"1081",11037,"Fajardo",182
"1082",11037,"Fico",387
"1083",11037,"Petro",1973
"1084",11040,"Fajardo",177
"1085",11040,"Fico",471
"1086",11040,"Petro",4010
"1087",11043,"Fajardo",110
"1088",11043,"Fico",48
"1089",11043,"Petro",2033
"1090",11046,"Fajardo",141
"1091",11046,"Fico",331
"1092",11046,"Petro",3838
"1093",11049,"Fajardo",667
"1094",11049,"Fico",969
"1095",11049,"Petro",7271
"1096",11052,"Fajardo",652
"1097",11052,"Fico",717
"1098",11052,"Petro",3761
"1099",11053,"Fajardo",161
"1100",11053,"Fico",179
"1101",11053,"Petro",2253
"1102",11055,"Fajardo",287
"1103",11055,"Fico",255
"1104",11055,"Petro",7343
"1105",11058,"Fajardo",391
"1106",11058,"Fico",638
"1107",11058,"Petro",6690
"1108",11060,"Fajardo",104
"1109",11060,"Fico",103
"1110",11060,"Petro",810
"1111",11061,"Fajardo",1211
"1112",11061,"Fico",1339
"1113",11061,"Petro",4557
"1114",11064,"Fajardo",908
"1115",11064,"Fico",1132
"1116",11064,"Petro",10730
"1117",11067,"Fajardo",199
"1118",11067,"Fico",247
"1119",11067,"Petro",1767
"1120",11070,"Fajardo",213
"1121",11070,"Fico",396
"1122",11070,"Petro",1501
"1123",11073,"Fajardo",55
"1124",11073,"Fico",97
"1125",11073,"Petro",1902
"1126",11076,"Fajardo",2810
"1127",11076,"Fico",3656
"1128",11076,"Petro",16892
"1129",11079,"Fajardo",63
"1130",11079,"Fico",87
"1131",11079,"Petro",878
"1132",11082,"Fajardo",519
"1133",11082,"Fico",454
"1134",11082,"Petro",7716
"1135",11085,"Fajardo",212
"1136",11085,"Fico",175
"1137",11085,"Petro",1645
"1138",11086,"Fajardo",34
"1139",11086,"Fico",71
"1140",11086,"Petro",2014
"1141",11087,"Fajardo",211
"1142",11087,"Fico",153
"1143",11087,"Petro",5064
"1144",11088,"Fajardo",1067
"1145",11088,"Fico",1834
"1146",11088,"Petro",5756
"1147",11091,"Fajardo",163
"1148",11091,"Fico",250
"1149",11091,"Petro",6483
"1150",11094,"Fajardo",396
"1151",11094,"Fico",280
"1152",11094,"Petro",8321
"1153",11097,"Fajardo",263
"1154",11097,"Fico",260
"1155",11097,"Petro",3295
"1156",11098,"Fajardo",246
"1157",11098,"Fico",366
"1158",11098,"Petro",4582
"1159",12001,"Fajardo",10703
"1160",12001,"Fico",42758
"1161",12001,"Petro",59501
"1162",12075,"Fajardo",3013
"1163",12075,"Fico",5112
"1164",12075,"Petro",8971
"1165",12150,"Fajardo",1839
"1166",12150,"Fico",3902
"1167",12150,"Petro",8158
"1168",12170,"Fajardo",262
"1169",12170,"Fico",1348
"1170",12170,"Petro",2139
"1171",12180,"Fajardo",370
"1172",12180,"Fico",1174
"1173",12180,"Petro",3712
"1174",12200,"Fajardo",495
"1175",12200,"Fico",2831
"1176",12200,"Petro",5264
"1177",12225,"Fajardo",673
"1178",12225,"Fico",1828
"1179",12225,"Petro",4546
"1180",12300,"Fajardo",501
"1181",12300,"Fico",1972
"1182",12300,"Petro",4175
"1183",12375,"Fajardo",327
"1184",12375,"Fico",1714
"1185",12375,"Petro",5107
"1186",12410,"Fajardo",219
"1187",12410,"Fico",1647
"1188",12410,"Petro",4670
"1189",12415,"Fajardo",427
"1190",12415,"Fico",1286
"1191",12415,"Petro",7160
"1192",12450,"Fajardo",204
"1193",12450,"Fico",908
"1194",12450,"Petro",1109
"1195",12525,"Fajardo",45
"1196",12525,"Fico",745
"1197",12525,"Petro",202
"1198",12600,"Fajardo",260
"1199",12600,"Fico",1310
"1200",12600,"Petro",1600
"1201",12608,"Fajardo",940
"1202",12608,"Fico",2121
"1203",12608,"Petro",7956
"1204",12625,"Fajardo",221
"1205",12625,"Fico",824
"1206",12625,"Petro",1471
"1207",12650,"Fajardo",517
"1208",12650,"Fico",590
"1209",12650,"Petro",1936
"1210",12700,"Fajardo",306
"1211",12700,"Fico",734
"1212",12700,"Petro",1413
"1213",12720,"Fajardo",263
"1214",12720,"Fico",667
"1215",12720,"Petro",1886
"1216",12750,"Fajardo",399
"1217",12750,"Fico",1361
"1218",12750,"Petro",1304
"1219",12800,"Fajardo",359
"1220",12800,"Fico",785
"1221",12800,"Petro",2433
"1222",12825,"Fajardo",615
"1223",12825,"Fico",2364
"1224",12825,"Petro",2236
"1225",12850,"Fajardo",408
"1226",12850,"Fico",1435
"1227",12850,"Petro",1906
"1228",12875,"Fajardo",382
"1229",12875,"Fico",978
"1230",12875,"Petro",2356
"1231",12900,"Fajardo",296
"1232",12900,"Fico",765
"1233",12900,"Petro",2176
"1234",13001,"Fajardo",6362
"1235",13001,"Fico",71629
"1236",13001,"Petro",56761
"1237",13004,"Fajardo",504
"1238",13004,"Fico",3710
"1239",13004,"Petro",4425
"1240",13007,"Fajardo",285
"1241",13007,"Fico",1472
"1242",13007,"Petro",2476
"1243",13009,"Fajardo",178
"1244",13009,"Fico",3063
"1245",13009,"Petro",2551
"1246",13010,"Fajardo",1218
"1247",13010,"Fico",21140
"1248",13010,"Petro",13667
"1249",13013,"Fajardo",408
"1250",13013,"Fico",9067
"1251",13013,"Petro",9308
"1252",13014,"Fajardo",185
"1253",13014,"Fico",2770
"1254",13014,"Petro",2592
"1255",13016,"Fajardo",125
"1256",13016,"Fico",3161
"1257",13016,"Petro",2421
"1258",13019,"Fajardo",498
"1259",13019,"Fico",7109
"1260",13019,"Petro",5108
"1261",13020,"Fajardo",115
"1262",13020,"Fico",920
"1263",13020,"Petro",2239
"1264",13022,"Fajardo",1300
"1265",13022,"Fico",11072
"1266",13022,"Petro",17082
"1267",13023,"Fajardo",167
"1268",13023,"Fico",2030
"1269",13023,"Petro",1854
"1270",13024,"Fajardo",142
"1271",13024,"Fico",3238
"1272",13024,"Petro",2334
"1273",13025,"Fajardo",829
"1274",13025,"Fico",4574
"1275",13025,"Petro",15703
"1276",13027,"Fajardo",268
"1277",13027,"Fico",3040
"1278",13027,"Petro",2886
"1279",13028,"Fajardo",766
"1280",13028,"Fico",8094
"1281",13028,"Petro",7197
"1282",13031,"Fajardo",369
"1283",13031,"Fico",4082
"1284",13031,"Petro",3309
"1285",13032,"Fajardo",360
"1286",13032,"Fico",1413
"1287",13032,"Petro",7485
"1288",13033,"Fajardo",220
"1289",13033,"Fico",3105
"1290",13033,"Petro",2248
"1291",13034,"Fajardo",160
"1292",13034,"Fico",2731
"1293",13034,"Petro",1771
"1294",13037,"Fajardo",1276
"1295",13037,"Fico",9281
"1296",13037,"Petro",13982
"1297",13040,"Fajardo",317
"1298",13040,"Fico",4176
"1299",13040,"Petro",6582
"1300",13043,"Fajardo",359
"1301",13043,"Fico",3995
"1302",13043,"Petro",3559
"1303",13046,"Fajardo",292
"1304",13046,"Fico",3286
"1305",13046,"Petro",4896
"1306",13049,"Fajardo",147
"1307",13049,"Fico",3675
"1308",13049,"Petro",2037
"1309",13052,"Fajardo",102
"1310",13052,"Fico",328
"1311",13052,"Petro",1971
"1312",13055,"Fajardo",329
"1313",13055,"Fico",10146
"1314",13055,"Petro",5932
"1315",13058,"Fajardo",702
"1316",13058,"Fico",10720
"1317",13058,"Petro",8393
"1318",13060,"Fajardo",193
"1319",13060,"Fico",3584
"1320",13060,"Petro",2882
"1321",13061,"Fajardo",625
"1322",13061,"Fico",5489
"1323",13061,"Petro",2642
"1324",15004,"Fajardo",843
"1325",15004,"Fico",548
"1326",15004,"Petro",1013
"1327",15007,"Fajardo",459
"1328",15007,"Fico",299
"1329",15007,"Petro",397
"1330",15010,"Fajardo",1197
"1331",15010,"Fico",999
"1332",15010,"Petro",1219
"1333",15013,"Fajardo",1173
"1334",15013,"Fico",751
"1335",15013,"Petro",917
"1336",15016,"Fajardo",612
"1337",15016,"Fico",1294
"1338",15016,"Petro",868
"1339",15019,"Fajardo",145
"1340",15019,"Fico",134
"1341",15019,"Petro",142
"1342",15022,"Fajardo",210
"1343",15022,"Fico",108
"1344",15022,"Petro",151
"1345",15025,"Fajardo",714
"1346",15025,"Fico",305
"1347",15025,"Petro",1075
"1348",15029,"Fajardo",186
"1349",15029,"Fico",66
"1350",15029,"Petro",719
"1351",15030,"Fajardo",827
"1352",15030,"Fico",536
"1353",15030,"Petro",810
"1354",15031,"Fajardo",7562
"1355",15031,"Fico",6264
"1356",15031,"Petro",8675
"1357",15034,"Fajardo",394
"1358",15034,"Fico",478
"1359",15034,"Petro",333
"1360",15037,"Fajardo",1208
"1361",15037,"Fico",1179
"1362",15037,"Petro",1698
"1363",15040,"Fajardo",483
"1364",15040,"Fico",220
"1365",15040,"Petro",371
"1366",15043,"Fajardo",1680
"1367",15043,"Fico",1070
"1368",15043,"Petro",2596
"1369",15046,"Fajardo",3789
"1370",15046,"Fico",2652
"1371",15046,"Petro",3980
"1372",15049,"Fajardo",367
"1373",15049,"Fico",205
"1374",15049,"Petro",258
"1375",15052,"Fajardo",212
"1376",15052,"Fico",167
"1377",15052,"Petro",217
"1378",15055,"Fajardo",16103
"1379",15055,"Fico",13084
"1380",15055,"Petro",16128
"1381",15058,"Fajardo",549
"1382",15058,"Fico",297
"1383",15058,"Petro",849
"1384",15061,"Fajardo",762
"1385",15061,"Fico",1905
"1386",15061,"Petro",951
"1387",15064,"Fajardo",1348
"1388",15064,"Fico",809
"1389",15064,"Petro",1336
"1390",15067,"Fajardo",1609
"1391",15067,"Fico",1224
"1392",15067,"Petro",2350
"1393",15070,"Fajardo",231
"1394",15070,"Fico",282
"1395",15070,"Petro",144
"1396",15072,"Fajardo",1745
"1397",15072,"Fico",933
"1398",15072,"Petro",2147
"1399",15076,"Fajardo",10933
"1400",15076,"Fico",6774
"1401",15076,"Petro",19358
"1402",15079,"Fajardo",828
"1403",15079,"Fico",632
"1404",15079,"Petro",663
"1405",15085,"Fajardo",288
"1406",15085,"Fico",309
"1407",15085,"Petro",344
"1408",15088,"Fajardo",10665
"1409",15088,"Fico",4655
"1410",15088,"Petro",13241
"1411",15091,"Fajardo",419
"1412",15091,"Fico",171
"1413",15091,"Petro",503
"1414",15094,"Fajardo",9713
"1415",15094,"Fico",10840
"1416",15094,"Petro",15141
"1417",15097,"Fajardo",420
"1418",15097,"Fico",257
"1419",15097,"Petro",398
"1420",15100,"Fajardo",1529
"1421",15100,"Fico",750
"1422",15100,"Petro",2408
"1423",15103,"Fajardo",654
"1424",15103,"Fico",481
"1425",15103,"Petro",667
"1426",15106,"Fajardo",270
"1427",15106,"Fico",221
"1428",15106,"Petro",181
"1429",15109,"Fajardo",7721
"1430",15109,"Fico",8943
"1431",15109,"Petro",11895
"1432",15112,"Fajardo",619
"1433",15112,"Fico",325
"1434",15112,"Petro",455
"1435",15115,"Fajardo",1192
"1436",15115,"Fico",1657
"1437",15115,"Petro",1770
"1438",15118,"Fajardo",987
"1439",15118,"Fico",680
"1440",15118,"Petro",1276
"1441",15121,"Fajardo",151
"1442",15121,"Fico",113
"1443",15121,"Petro",267
"1444",15124,"Fajardo",616
"1445",15124,"Fico",324
"1446",15124,"Petro",469
"1447",15127,"Fajardo",328
"1448",15127,"Fico",263
"1449",15127,"Petro",395
"1450",15128,"Fajardo",205
"1451",15128,"Fico",334
"1452",15128,"Petro",302
"1453",15130,"Fajardo",227
"1454",15130,"Fico",146
"1455",15130,"Petro",170
"1456",15132,"Fajardo",425
"1457",15132,"Fico",234
"1458",15132,"Petro",920
"1459",15133,"Fajardo",164
"1460",15133,"Fico",127
"1461",15133,"Petro",168
"1462",15136,"Fajardo",408
"1463",15136,"Fico",280
"1464",15136,"Petro",363
"1465",15139,"Fajardo",2678
"1466",15139,"Fico",2147
"1467",15139,"Petro",4054
"1468",15142,"Fajardo",2512
"1469",15142,"Fico",1806
"1470",15142,"Petro",2759
"1471",15145,"Fajardo",371
"1472",15145,"Fico",282
"1473",15145,"Petro",492
"1474",15148,"Fajardo",220
"1475",15148,"Fico",290
"1476",15148,"Petro",229
"1477",15151,"Fajardo",1285
"1478",15151,"Fico",1225
"1479",15151,"Petro",1040
"1480",15154,"Fajardo",557
"1481",15154,"Fico",343
"1482",15154,"Petro",320
"1483",15157,"Fajardo",789
"1484",15157,"Fico",323
"1485",15157,"Petro",305
"1486",15160,"Fajardo",9119
"1487",15160,"Fico",5241
"1488",15160,"Petro",14665
"1489",15163,"Fajardo",560
"1490",15163,"Fico",404
"1491",15163,"Petro",236
"1492",15166,"Fajardo",297
"1493",15166,"Fico",584
"1494",15166,"Petro",392
"1495",15169,"Fajardo",11706
"1496",15169,"Fico",6294
"1497",15169,"Petro",17162
"1498",15172,"Fajardo",177
"1499",15172,"Fico",165
"1500",15172,"Petro",295
"1501",15175,"Fajardo",1025
"1502",15175,"Fico",426
"1503",15175,"Petro",1406
"1504",15178,"Fajardo",423
"1505",15178,"Fico",405
"1506",15178,"Petro",484
"1507",15181,"Fajardo",246
"1508",15181,"Fico",208
"1509",15181,"Petro",224
"1510",15184,"Fajardo",327
"1511",15184,"Fico",391
"1512",15184,"Petro",619
"1513",15190,"Fajardo",2359
"1514",15190,"Fico",1918
"1515",15190,"Petro",1409
"1516",15193,"Fajardo",249
"1517",15193,"Fico",207
"1518",15193,"Petro",245
"1519",15196,"Fajardo",213
"1520",15196,"Fico",188
"1521",15196,"Petro",454
"1522",15198,"Fajardo",374
"1523",15198,"Fico",415
"1524",15198,"Petro",424
"1525",15199,"Fajardo",512
"1526",15199,"Fico",309
"1527",15199,"Petro",1301
"1528",15202,"Fajardo",544
"1529",15202,"Fico",1016
"1530",15202,"Petro",973
"1531",15205,"Fajardo",161
"1532",15205,"Fico",90
"1533",15205,"Petro",137
"1534",15208,"Fajardo",348
"1535",15208,"Fico",423
"1536",15208,"Petro",194
"1537",15211,"Fajardo",316
"1538",15211,"Fico",584
"1539",15211,"Petro",752
"1540",15214,"Fajardo",332
"1541",15214,"Fico",360
"1542",15214,"Petro",266
"1543",15217,"Fajardo",581
"1544",15217,"Fico",327
"1545",15217,"Petro",496
"1546",15218,"Fajardo",660
"1547",15218,"Fico",641
"1548",15218,"Petro",800
"1549",15220,"Fajardo",925
"1550",15220,"Fico",564
"1551",15220,"Petro",905
"1552",15223,"Fajardo",446
"1553",15223,"Fico",488
"1554",15223,"Petro",706
"1555",15226,"Fajardo",563
"1556",15226,"Fico",181
"1557",15226,"Petro",186
"1558",15229,"Fajardo",821
"1559",15229,"Fico",833
"1560",15229,"Petro",744
"1561",15232,"Fajardo",829
"1562",15232,"Fico",499
"1563",15232,"Petro",719
"1564",15235,"Fajardo",648
"1565",15235,"Fico",841
"1566",15235,"Petro",515
"1567",15238,"Fajardo",820
"1568",15238,"Fico",399
"1569",15238,"Petro",1163
"1570",15239,"Fajardo",2302
"1571",15239,"Fico",1746
"1572",15239,"Petro",4854
"1573",15241,"Fajardo",1461
"1574",15241,"Fico",1457
"1575",15241,"Petro",1860
"1576",15244,"Fajardo",908
"1577",15244,"Fico",561
"1578",15244,"Petro",878
"1579",15247,"Fajardo",25300
"1580",15247,"Fico",17004
"1581",15247,"Petro",66288
"1582",15250,"Fajardo",1996
"1583",15250,"Fico",1633
"1584",15250,"Petro",4140
"1585",15256,"Fajardo",1617
"1586",15256,"Fico",1144
"1587",15256,"Petro",1099
"1588",15259,"Fajardo",1101
"1589",15259,"Fico",499
"1590",15259,"Petro",1603
"1591",15262,"Fajardo",381
"1592",15262,"Fico",366
"1593",15262,"Petro",250
"1594",15265,"Fajardo",1003
"1595",15265,"Fico",293
"1596",15265,"Petro",467
"1597",15268,"Fajardo",266
"1598",15268,"Fico",146
"1599",15268,"Petro",373
"1600",15271,"Fajardo",2305
"1601",15271,"Fico",1363
"1602",15271,"Petro",2239
"1603",15274,"Fajardo",371
"1604",15274,"Fico",178
"1605",15274,"Petro",333
"1606",15277,"Fajardo",578
"1607",15277,"Fico",456
"1608",15277,"Petro",770
"1609",15280,"Fajardo",2124
"1610",15280,"Fico",1345
"1611",15280,"Petro",2204
"1612",15283,"Fajardo",283
"1613",15283,"Fico",241
"1614",15283,"Petro",432
"1615",15286,"Fajardo",245
"1616",15286,"Fico",110
"1617",15286,"Petro",266
"1618",15289,"Fajardo",784
"1619",15289,"Fico",705
"1620",15289,"Petro",928
"1621",15292,"Fajardo",3410
"1622",15292,"Fico",1973
"1623",15292,"Petro",6647
"1624",15295,"Fajardo",235
"1625",15295,"Fico",180
"1626",15295,"Petro",212
"1627",15298,"Fajardo",706
"1628",15298,"Fico",378
"1629",15298,"Petro",495
"1630",15301,"Fajardo",348
"1631",15301,"Fico",382
"1632",15301,"Petro",535
"1633",15304,"Fajardo",3482
"1634",15304,"Fico",2327
"1635",15304,"Petro",4196
"1636",15307,"Fajardo",424
"1637",15307,"Fico",226
"1638",15307,"Petro",608
"1639",15316,"Fajardo",495
"1640",15316,"Fico",708
"1641",15316,"Petro",215
"1642",15318,"Fajardo",167
"1643",15318,"Fico",129
"1644",15318,"Petro",409
"1645",15319,"Fajardo",709
"1646",15319,"Fico",333
"1647",15319,"Petro",313
"1648",15322,"Fajardo",301
"1649",15322,"Fico",317
"1650",15322,"Petro",287
"1651",15323,"Fajardo",243
"1652",15323,"Fico",102
"1653",15323,"Petro",141
"1654",15325,"Fajardo",1687
"1655",15325,"Fico",724
"1656",15325,"Petro",958
"1657",15328,"Fajardo",2011
"1658",15328,"Fico",2269
"1659",15328,"Petro",1661
"1660",15331,"Fajardo",606
"1661",15331,"Fico",535
"1662",15331,"Petro",1019
"1663",15334,"Fajardo",664
"1664",15334,"Fico",305
"1665",15334,"Petro",349
"1666",15337,"Fajardo",428
"1667",15337,"Fico",266
"1668",15337,"Petro",443
"1669",15340,"Fajardo",10666
"1670",15340,"Fico",7181
"1671",15340,"Petro",22383
"1672",16001,"Fajardo",683215
"1673",16001,"Fico",563785
"1674",16001,"Petro",1205594
"1675",17001,"Fajardo",2232
"1676",17001,"Fico",5208
"1677",17001,"Petro",19735
"1678",17002,"Fajardo",119
"1679",17002,"Fico",220
"1680",17002,"Petro",2162
"1681",17004,"Fajardo",186
"1682",17004,"Fico",707
"1683",17004,"Petro",927
"1684",17006,"Fajardo",193
"1685",17006,"Fico",463
"1686",17006,"Petro",3187
"1687",17007,"Fajardo",68
"1688",17007,"Fico",167
"1689",17007,"Petro",2281
"1690",17008,"Fajardo",160
"1691",17008,"Fico",233
"1692",17008,"Petro",1700
"1693",17010,"Fajardo",76
"1694",17010,"Fico",128
"1695",17010,"Petro",944
"1696",17011,"Fajardo",41
"1697",17011,"Fico",210
"1698",17011,"Petro",1217
"1699",17012,"Fajardo",134
"1700",17012,"Fico",154
"1701",17012,"Petro",2162
"1702",17013,"Fajardo",200
"1703",17013,"Fico",378
"1704",17013,"Petro",2020
"1705",17014,"Fajardo",44
"1706",17014,"Fico",203
"1707",17014,"Petro",1001
"1708",17015,"Fajardo",157
"1709",17015,"Fico",184
"1710",17015,"Petro",1789
"1711",17016,"Fajardo",255
"1712",17016,"Fico",501
"1713",17016,"Petro",507
"1714",17017,"Fajardo",181
"1715",17017,"Fico",132
"1716",17017,"Petro",1421
"1717",17019,"Fajardo",397
"1718",17019,"Fico",722
"1719",17019,"Petro",3990
"1720",17022,"Fajardo",26
"1721",17022,"Fico",65
"1722",17022,"Petro",650
"1723",17025,"Fajardo",115
"1724",17025,"Fico",225
"1725",17025,"Petro",1700
"1726",17026,"Fajardo",84
"1727",17026,"Fico",74
"1728",17026,"Petro",2537
"1729",17027,"Fajardo",160
"1730",17027,"Fico",152
"1731",17027,"Petro",2019
"1732",17028,"Fajardo",38
"1733",17028,"Fico",64
"1734",17028,"Petro",659
"1735",17031,"Fajardo",49
"1736",17031,"Fico",91
"1737",17031,"Petro",1075
"1738",17032,"Fajardo",13
"1739",17032,"Fico",150
"1740",17032,"Petro",727
"1741",17034,"Fajardo",460
"1742",17034,"Fico",508
"1743",17034,"Petro",4917
"1744",17035,"Fajardo",174
"1745",17035,"Fico",314
"1746",17035,"Petro",2373
"1747",17037,"Fajardo",43
"1748",17037,"Fico",57
"1749",17037,"Petro",315
"1750",17038,"Fajardo",168
"1751",17038,"Fico",42
"1752",17038,"Petro",3416
"1753",17040,"Fajardo",39
"1754",17040,"Fico",42
"1755",17040,"Petro",667
"1756",17043,"Fajardo",139
"1757",17043,"Fico",354
"1758",17043,"Petro",2469
"1759",17048,"Fajardo",231
"1760",17048,"Fico",229
"1761",17048,"Petro",968
"1762",17060,"Fajardo",131
"1763",17060,"Fico",208
"1764",17060,"Petro",1246
"1765",19001,"Fajardo",18163
"1766",19001,"Fico",27574
"1767",19001,"Petro",53859
"1768",19004,"Fajardo",602
"1769",19004,"Fico",846
"1770",19004,"Petro",1178
"1771",19007,"Fajardo",220
"1772",19007,"Fico",732
"1773",19007,"Petro",831
"1774",19010,"Fajardo",795
"1775",19010,"Fico",810
"1776",19010,"Petro",1690
"1777",19013,"Fajardo",432
"1778",19013,"Fico",690
"1779",19013,"Petro",1520
"1780",19016,"Fajardo",180
"1781",19016,"Fico",188
"1782",19016,"Petro",533
"1783",19019,"Fajardo",265
"1784",19019,"Fico",271
"1785",19019,"Petro",671
"1786",19022,"Fajardo",878
"1787",19022,"Fico",1291
"1788",19022,"Petro",3290
"1789",19025,"Fajardo",283
"1790",19025,"Fico",824
"1791",19025,"Petro",828
"1792",19028,"Fajardo",278
"1793",19028,"Fico",399
"1794",19028,"Petro",377
"1795",19031,"Fajardo",115
"1796",19031,"Fico",220
"1797",19031,"Petro",311
"1798",19034,"Fajardo",2439
"1799",19034,"Fico",3843
"1800",19034,"Petro",6137
"1801",19037,"Fajardo",786
"1802",19037,"Fico",1127
"1803",19037,"Petro",2048
"1804",19040,"Fajardo",459
"1805",19040,"Fico",711
"1806",19040,"Petro",1261
"1807",19043,"Fajardo",105
"1808",19043,"Fico",201
"1809",19043,"Petro",566
"1810",19044,"Fajardo",906
"1811",19044,"Fico",701
"1812",19044,"Petro",3340
"1813",19046,"Fajardo",345
"1814",19046,"Fico",440
"1815",19046,"Petro",1353
"1816",19047,"Fajardo",271
"1817",19047,"Fico",583
"1818",19047,"Petro",1563
"1819",19049,"Fajardo",1880
"1820",19049,"Fico",2916
"1821",19049,"Petro",5460
"1822",19050,"Fajardo",117
"1823",19050,"Fico",270
"1824",19050,"Petro",475
"1825",19051,"Fajardo",292
"1826",19051,"Fico",312
"1827",19051,"Petro",454
"1828",19052,"Fajardo",542
"1829",19052,"Fico",537
"1830",19052,"Petro",480
"1831",19055,"Fajardo",810
"1832",19055,"Fico",1643
"1833",19055,"Petro",2716
"1834",19056,"Fajardo",247
"1835",19056,"Fico",249
"1836",19056,"Petro",916
"1837",19058,"Fajardo",264
"1838",19058,"Fico",509
"1839",19058,"Petro",918
"1840",19061,"Fajardo",3626
"1841",19061,"Fico",5728
"1842",19061,"Petro",13254
"1843",19064,"Fajardo",648
"1844",19064,"Fico",1275
"1845",19064,"Petro",2460
"1846",19067,"Fajardo",336
"1847",19067,"Fico",457
"1848",19067,"Petro",793
"1849",19070,"Fajardo",1182
"1850",19070,"Fico",770
"1851",19070,"Petro",3301
"1852",19074,"Fajardo",344
"1853",19074,"Fico",461
"1854",19074,"Petro",749
"1855",19076,"Fajardo",393
"1856",19076,"Fico",457
"1857",19076,"Petro",1397
"1858",19079,"Fajardo",371
"1859",19079,"Fico",635
"1860",19079,"Petro",1163
"1861",19082,"Fajardo",241
"1862",19082,"Fico",638
"1863",19082,"Petro",751
"1864",19085,"Fajardo",311
"1865",19085,"Fico",687
"1866",19085,"Petro",418
"1867",19088,"Fajardo",710
"1868",19088,"Fico",1302
"1869",19088,"Petro",1195
"1870",19091,"Fajardo",215
"1871",19091,"Fico",282
"1872",19091,"Petro",1376
"1873",19094,"Fajardo",305
"1874",19094,"Fico",474
"1875",19094,"Petro",983
"1876",21001,"Fajardo",12803
"1877",21001,"Fico",46083
"1878",21001,"Petro",64702
"1879",21008,"Fajardo",171
"1880",21008,"Fico",916
"1881",21008,"Petro",1772
"1882",21010,"Fajardo",520
"1883",21010,"Fico",2353
"1884",21010,"Petro",3997
"1885",21012,"Fajardo",294
"1886",21012,"Fico",4380
"1887",21012,"Petro",2478
"1888",21013,"Fajardo",233
"1889",21013,"Fico",2580
"1890",21013,"Petro",747
"1891",21015,"Fajardo",237
"1892",21015,"Fico",2095
"1893",21015,"Petro",1914
"1894",21016,"Fajardo",2008
"1895",21016,"Fico",14252
"1896",21016,"Petro",15287
"1897",21020,"Fajardo",61
"1898",21020,"Fico",2920
"1899",21020,"Petro",1373
"1900",21025,"Fajardo",724
"1901",21025,"Fico",5944
"1902",21025,"Petro",5042
"1903",21028,"Fajardo",83
"1904",21028,"Fico",2200
"1905",21028,"Petro",1149
"1906",21030,"Fajardo",71
"1907",21030,"Fico",1451
"1908",21030,"Petro",2128
"1909",21031,"Fajardo",757
"1910",21031,"Fico",7996
"1911",21031,"Petro",6088
"1912",21040,"Fajardo",232
"1913",21040,"Fico",1928
"1914",21040,"Petro",1811
"1915",21042,"Fajardo",119
"1916",21042,"Fico",1654
"1917",21042,"Petro",1136
"1918",21046,"Fajardo",57
"1919",21046,"Fico",2465
"1920",21046,"Petro",1016
"1921",21048,"Fajardo",159
"1922",21048,"Fico",1225
"1923",21048,"Petro",906
"1924",21049,"Fajardo",355
"1925",21049,"Fico",4829
"1926",21049,"Petro",3757
"1927",21052,"Fajardo",756
"1928",21052,"Fico",7697
"1929",21052,"Petro",6773
"1930",21055,"Fajardo",299
"1931",21055,"Fico",3678
"1932",21055,"Petro",2144
"1933",21058,"Fajardo",54
"1934",21058,"Fico",1538
"1935",21058,"Petro",771
"1936",21060,"Fajardo",87
"1937",21060,"Fico",3400
"1938",21060,"Petro",429
"1939",21067,"Fajardo",70
"1940",21067,"Fico",2169
"1941",21067,"Petro",644
"1942",21070,"Fajardo",363
"1943",21070,"Fico",2144
"1944",21070,"Petro",2443
"1945",21073,"Fajardo",130
"1946",21073,"Fico",1283
"1947",21073,"Petro",1312
"1948",21076,"Fajardo",241
"1949",21076,"Fico",2345
"1950",21076,"Petro",1360
"1951",21078,"Fajardo",71
"1952",21078,"Fico",933
"1953",21078,"Petro",1192
"1954",21079,"Fajardo",285
"1955",21079,"Fico",4047
"1956",21079,"Petro",2371
"1957",21085,"Fajardo",216
"1958",21085,"Fico",1181
"1959",21085,"Petro",1741
"1960",21090,"Fajardo",39
"1961",21090,"Fico",1632
"1962",21090,"Petro",636
"1963",21095,"Fajardo",670
"1964",21095,"Fico",2624
"1965",21095,"Petro",6019
"1966",23001,"Fajardo",18570
"1967",23001,"Fico",21739
"1968",23001,"Petro",102761
"1969",23004,"Fajardo",282
"1970",23004,"Fico",295
"1971",23004,"Petro",1312
"1972",23007,"Fajardo",240
"1973",23007,"Fico",173
"1974",23007,"Petro",1345
"1975",23010,"Fajardo",215
"1976",23010,"Fico",252
"1977",23010,"Petro",1795
"1978",23013,"Fajardo",116
"1979",23013,"Fico",377
"1980",23013,"Petro",971
"1981",23016,"Fajardo",264
"1982",23016,"Fico",359
"1983",23016,"Petro",2767
"1984",23017,"Fajardo",175
"1985",23017,"Fico",204
"1986",23017,"Petro",1761
"1987",23019,"Fajardo",843
"1988",23019,"Fico",1019
"1989",23019,"Petro",2890
"1990",23022,"Fajardo",133
"1991",23022,"Fico",77
"1992",23022,"Petro",2475
"1993",23025,"Fajardo",328
"1994",23025,"Fico",705
"1995",23025,"Petro",2011
"1996",23028,"Fajardo",199
"1997",23028,"Fico",206
"1998",23028,"Petro",1466
"1999",23031,"Fajardo",182
"2000",23031,"Fico",263
"2001",23031,"Petro",3012
"2002",23034,"Fajardo",179
"2003",23034,"Fico",134
"2004",23034,"Petro",1479
"2005",23037,"Fajardo",469
"2006",23037,"Fico",551
"2007",23037,"Petro",7759
"2008",23038,"Fajardo",319
"2009",23038,"Fico",395
"2010",23038,"Petro",3334
"2011",23039,"Fajardo",28
"2012",23039,"Fico",23
"2013",23039,"Petro",1987
"2014",23040,"Fajardo",93
"2015",23040,"Fico",94
"2016",23040,"Petro",2931
"2017",23041,"Fajardo",95
"2018",23041,"Fico",115
"2019",23041,"Petro",4272
"2020",23043,"Fajardo",402
"2021",23043,"Fico",380
"2022",23043,"Petro",3206
"2023",23044,"Fajardo",90
"2024",23044,"Fico",135
"2025",23044,"Petro",1682
"2026",23046,"Fajardo",376
"2027",23046,"Fico",603
"2028",23046,"Petro",2728
"2029",23047,"Fajardo",89
"2030",23047,"Fico",20
"2031",23047,"Petro",1898
"2032",23049,"Fajardo",92
"2033",23049,"Fico",216
"2034",23049,"Petro",1082
"2035",23052,"Fajardo",368
"2036",23052,"Fico",738
"2037",23052,"Petro",4370
"2038",23055,"Fajardo",337
"2039",23055,"Fico",576
"2040",23055,"Petro",3377
"2041",23058,"Fajardo",223
"2042",23058,"Fico",194
"2043",23058,"Petro",1434
"2044",23061,"Fajardo",157
"2045",23061,"Fico",180
"2046",23061,"Petro",1729
"2047",23064,"Fajardo",181
"2048",23064,"Fico",208
"2049",23064,"Petro",1694
"2050",23067,"Fajardo",3903
"2051",23067,"Fico",4021
"2052",23067,"Petro",19698
"2053",23073,"Fajardo",311
"2054",23073,"Fico",376
"2055",23073,"Petro",4949
"2056",23076,"Fajardo",277
"2057",23076,"Fico",475
"2058",23076,"Petro",3156
"2059",23077,"Fajardo",74
"2060",23077,"Fico",93
"2061",23077,"Petro",1045
"2062",23078,"Fajardo",46
"2063",23078,"Fico",33
"2064",23078,"Petro",1326
"2065",23079,"Fajardo",622
"2066",23079,"Fico",1105
"2067",23079,"Petro",4400
"2068",23080,"Fajardo",70
"2069",23080,"Fico",186
"2070",23080,"Petro",3996
"2071",23082,"Fajardo",153
"2072",23082,"Fico",336
"2073",23082,"Petro",2573
"2074",23085,"Fajardo",106
"2075",23085,"Fico",143
"2076",23085,"Petro",2344
"2077",23088,"Fajardo",69
"2078",23088,"Fico",66
"2079",23088,"Petro",1541
"2080",23091,"Fajardo",101
"2081",23091,"Fico",142
"2082",23091,"Petro",1877
"2083",23094,"Fajardo",37
"2084",23094,"Fico",59
"2085",23094,"Petro",2112
"2086",23095,"Fajardo",151
"2087",23095,"Fico",168
"2088",23095,"Petro",4377
"2089",23096,"Fajardo",228
"2090",23096,"Fico",327
"2091",23096,"Petro",1381
"2092",23097,"Fajardo",155
"2093",23097,"Fico",238
"2094",23097,"Petro",765
"2095",23098,"Fajardo",111
"2096",23098,"Fico",130
"2097",23098,"Petro",4211
"2098",23100,"Fajardo",301
"2099",23100,"Fico",334
"2100",23100,"Petro",1775
"2101",23101,"Fajardo",31
"2102",23101,"Fico",52
"2103",23101,"Petro",1689
"2104",23103,"Fajardo",174
"2105",23103,"Fico",230
"2106",23103,"Petro",2251
"2107",23106,"Fajardo",514
"2108",23106,"Fico",449
"2109",23106,"Petro",2636
"2110",23109,"Fajardo",205
"2111",23109,"Fico",217
"2112",23109,"Petro",2794
"2113",23112,"Fajardo",84
"2114",23112,"Fico",24
"2115",23112,"Petro",2268
"2116",23115,"Fajardo",340
"2117",23115,"Fico",460
"2118",23115,"Petro",6717
"2119",23118,"Fajardo",1204
"2120",23118,"Fico",639
"2121",23118,"Petro",4564
"2122",23120,"Fajardo",244
"2123",23120,"Fico",396
"2124",23120,"Petro",1690
"2125",23121,"Fajardo",341
"2126",23121,"Fico",724
"2127",23121,"Petro",2985
"2128",23123,"Fajardo",168
"2129",23123,"Fico",216
"2130",23123,"Petro",1053
"2131",23124,"Fajardo",197
"2132",23124,"Fico",224
"2133",23124,"Petro",5085
"2134",23125,"Fajardo",77
"2135",23125,"Fico",62
"2136",23125,"Petro",1428
"2137",23127,"Fajardo",75
"2138",23127,"Fico",89
"2139",23127,"Petro",1819
"2140",23130,"Fajardo",248
"2141",23130,"Fico",343
"2142",23130,"Petro",1482
"2143",23133,"Fajardo",164
"2144",23133,"Fico",319
"2145",23133,"Petro",5461
"2146",23136,"Fajardo",395
"2147",23136,"Fico",328
"2148",23136,"Petro",2112
"2149",23139,"Fajardo",2995
"2150",23139,"Fico",4372
"2151",23139,"Petro",24909
"2152",23142,"Fajardo",907
"2153",23142,"Fico",1765
"2154",23142,"Petro",8776
"2155",23145,"Fajardo",220
"2156",23145,"Fico",254
"2157",23145,"Petro",2398
"2158",24001,"Fajardo",28493
"2159",24001,"Fico",52694
"2160",24001,"Petro",58294
"2161",24008,"Fajardo",426
"2162",24008,"Fico",1064
"2163",24008,"Petro",644
"2164",24013,"Fajardo",186
"2165",24013,"Fico",283
"2166",24013,"Petro",399
"2167",24021,"Fajardo",879
"2168",24021,"Fico",1738
"2169",24021,"Petro",1221
"2170",24025,"Fajardo",11837
"2171",24025,"Fico",19109
"2172",24025,"Petro",24204
"2173",24029,"Fajardo",334
"2174",24029,"Fico",1101
"2175",24029,"Petro",713
"2176",24038,"Fajardo",188
"2177",24038,"Fico",584
"2178",24038,"Petro",510
"2179",24046,"Fajardo",1123
"2180",24046,"Fico",2457
"2181",24046,"Petro",3458
"2182",24054,"Fajardo",547
"2183",24054,"Fico",1534
"2184",24054,"Petro",1171
"2185",24062,"Fajardo",236
"2186",24062,"Fico",413
"2187",24062,"Petro",917
"2188",24070,"Fajardo",176
"2189",24070,"Fico",448
"2190",24070,"Petro",1743
"2191",24078,"Fajardo",786
"2192",24078,"Fico",735
"2193",24078,"Petro",1811
"2194",24086,"Fajardo",3932
"2195",24086,"Fico",7358
"2196",24086,"Petro",7677
"2197",24094,"Fajardo",298
"2198",24094,"Fico",913
"2199",24094,"Petro",495
"2200",25001,"Fajardo",41365
"2201",25001,"Fico",73562
"2202",25001,"Petro",38602
"2203",25004,"Fajardo",565
"2204",25004,"Fico",1407
"2205",25004,"Petro",1306
"2206",25007,"Fajardo",177
"2207",25007,"Fico",494
"2208",25007,"Petro",175
"2209",25010,"Fajardo",475
"2210",25010,"Fico",778
"2211",25010,"Petro",302
"2212",25013,"Fajardo",52
"2213",25013,"Fico",483
"2214",25013,"Petro",74
"2215",25016,"Fajardo",95
"2216",25016,"Fico",121
"2217",25016,"Petro",131
"2218",25019,"Fajardo",167
"2219",25019,"Fico",724
"2220",25019,"Petro",111
"2221",25022,"Fajardo",302
"2222",25022,"Fico",623
"2223",25022,"Petro",1700
"2224",25025,"Fajardo",156
"2225",25025,"Fico",397
"2226",25025,"Petro",167
"2227",25028,"Fajardo",1207
"2228",25028,"Fico",1616
"2229",25028,"Petro",943
"2230",25031,"Fajardo",492
"2231",25031,"Fico",189
"2232",25031,"Petro",285
"2233",25034,"Fajardo",292
"2234",25034,"Fico",420
"2235",25034,"Petro",167
"2236",25036,"Fajardo",141
"2237",25036,"Fico",91
"2238",25036,"Petro",2579
"2239",25037,"Fajardo",252
"2240",25037,"Fico",353
"2241",25037,"Petro",716
"2242",25038,"Fajardo",773
"2243",25038,"Fico",1314
"2244",25038,"Petro",982
"2245",25040,"Fajardo",158
"2246",25040,"Fico",1188
"2247",25040,"Petro",164
"2248",25043,"Fajardo",149
"2249",25043,"Fico",127
"2250",25043,"Petro",1815
"2251",25046,"Fajardo",178
"2252",25046,"Fico",135
"2253",25046,"Petro",61
"2254",25049,"Fajardo",129
"2255",25049,"Fico",194
"2256",25049,"Petro",128
"2257",25051,"Fajardo",202
"2258",25051,"Fico",314
"2259",25051,"Petro",426
"2260",25052,"Fajardo",96
"2261",25052,"Fico",189
"2262",25052,"Petro",313
"2263",25054,"Fajardo",5585
"2264",25054,"Fico",8201
"2265",25054,"Petro",4635
"2266",25055,"Fajardo",118
"2267",25055,"Fico",962
"2268",25055,"Petro",61
"2269",25058,"Fajardo",89
"2270",25058,"Fico",66
"2271",25058,"Petro",78
"2272",25061,"Fajardo",3400
"2273",25061,"Fico",7555
"2274",25061,"Petro",8922
"2275",25064,"Fajardo",2870
"2276",25064,"Fico",2943
"2277",25064,"Petro",4755
"2278",25067,"Fajardo",212
"2279",25067,"Fico",406
"2280",25067,"Petro",145
"2281",25069,"Fajardo",171
"2282",25069,"Fico",247
"2283",25069,"Petro",203
"2284",25070,"Fajardo",190
"2285",25070,"Fico",735
"2286",25070,"Petro",132
"2287",25073,"Fajardo",284
"2288",25073,"Fico",848
"2289",25073,"Petro",246
"2290",25076,"Fajardo",39
"2291",25076,"Fico",21
"2292",25076,"Petro",3450
"2293",25079,"Fajardo",287
"2294",25079,"Fico",568
"2295",25079,"Petro",305
"2296",25082,"Fajardo",99
"2297",25082,"Fico",420
"2298",25082,"Petro",134
"2299",25085,"Fajardo",624
"2300",25085,"Fico",1774
"2301",25085,"Petro",640
"2302",25088,"Fajardo",107
"2303",25088,"Fico",92
"2304",25088,"Petro",102
"2305",25091,"Fajardo",126
"2306",25091,"Fico",134
"2307",25091,"Petro",3466
"2308",25093,"Fajardo",816
"2309",25093,"Fico",998
"2310",25093,"Petro",2971
"2311",25094,"Fajardo",586
"2312",25094,"Fico",1069
"2313",25094,"Petro",467
"2314",25097,"Fajardo",75
"2315",25097,"Fico",646
"2316",25097,"Petro",58
"2317",25100,"Fajardo",4195
"2318",25100,"Fico",6922
"2319",25100,"Petro",3330
"2320",26001,"Fajardo",20730
"2321",26001,"Fico",38211
"2322",26001,"Petro",33144
"2323",26005,"Fajardo",107
"2324",26005,"Fico",368
"2325",26005,"Petro",226
"2326",26010,"Fajardo",3886
"2327",26010,"Fico",7594
"2328",26010,"Petro",6130
"2329",26020,"Fajardo",1642
"2330",26020,"Fico",2851
"2331",26020,"Petro",2415
"2332",26025,"Fajardo",201
"2333",26025,"Fico",353
"2334",26025,"Petro",497
"2335",26030,"Fajardo",646
"2336",26030,"Fico",1160
"2337",26030,"Petro",723
"2338",26040,"Fajardo",310
"2339",26040,"Fico",762
"2340",26040,"Petro",553
"2341",26050,"Fajardo",1294
"2342",26050,"Fico",2546
"2343",26050,"Petro",2822
"2344",26060,"Fajardo",1922
"2345",26060,"Fico",3552
"2346",26060,"Petro",2361
"2347",26070,"Fajardo",340
"2348",26070,"Fico",712
"2349",26070,"Petro",423
"2350",26080,"Fajardo",1383
"2351",26080,"Fico",2962
"2352",26080,"Petro",2870
"2353",26090,"Fajardo",335
"2354",26090,"Fico",891
"2355",26090,"Petro",548
"2356",27001,"Fajardo",38086
"2357",27001,"Fico",49709
"2358",27001,"Petro",71916
"2359",27004,"Fajardo",35
"2360",27004,"Fico",80
"2361",27004,"Petro",52
"2362",27007,"Fajardo",188
"2363",27007,"Fico",150
"2364",27007,"Petro",196
"2365",27010,"Fajardo",264
"2366",27010,"Fico",330
"2367",27010,"Petro",362
"2368",27013,"Fajardo",1551
"2369",27013,"Fico",1507
"2370",27013,"Petro",2911
"2371",27016,"Fajardo",353
"2372",27016,"Fico",499
"2373",27016,"Petro",627
"2374",27019,"Fajardo",7171
"2375",27019,"Fico",9572
"2376",27019,"Petro",48108
"2377",27022,"Fajardo",85
"2378",27022,"Fico",185
"2379",27022,"Petro",266
"2380",27025,"Fajardo",190
"2381",27025,"Fico",223
"2382",27025,"Petro",611
"2383",27028,"Fajardo",46
"2384",27028,"Fico",86
"2385",27028,"Petro",47
"2386",27031,"Fajardo",55
"2387",27031,"Fico",130
"2388",27031,"Petro",85
"2389",27034,"Fajardo",440
"2390",27034,"Fico",698
"2391",27034,"Petro",221
"2392",27037,"Fajardo",141
"2393",27037,"Fico",99
"2394",27037,"Petro",119
"2395",27040,"Fajardo",98
"2396",27040,"Fico",119
"2397",27040,"Petro",111
"2398",27043,"Fajardo",180
"2399",27043,"Fico",151
"2400",27043,"Petro",186
"2401",27045,"Fajardo",579
"2402",27045,"Fico",1103
"2403",27045,"Petro",1809
"2404",27046,"Fajardo",261
"2405",27046,"Fico",148
"2406",27046,"Petro",300
"2407",27049,"Fajardo",76
"2408",27049,"Fico",224
"2409",27049,"Petro",104
"2410",27052,"Fajardo",121
"2411",27052,"Fico",240
"2412",27052,"Petro",195
"2413",27055,"Fajardo",157
"2414",27055,"Fico",106
"2415",27055,"Petro",186
"2416",27058,"Fajardo",417
"2417",27058,"Fico",480
"2418",27058,"Petro",880
"2419",27061,"Fajardo",397
"2420",27061,"Fico",519
"2421",27061,"Petro",776
"2422",27064,"Fajardo",79
"2423",27064,"Fico",258
"2424",27064,"Petro",120
"2425",27067,"Fajardo",136
"2426",27067,"Fico",155
"2427",27067,"Petro",76
"2428",27070,"Fajardo",140
"2429",27070,"Fico",67
"2430",27070,"Petro",254
"2431",27071,"Fajardo",193
"2432",27071,"Fico",646
"2433",27071,"Petro",398
"2434",27073,"Fajardo",40
"2435",27073,"Fico",73
"2436",27073,"Petro",46
"2437",27074,"Fajardo",227
"2438",27074,"Fico",520
"2439",27074,"Petro",532
"2440",27075,"Fajardo",105
"2441",27075,"Fico",75
"2442",27075,"Petro",155
"2443",27076,"Fajardo",72
"2444",27076,"Fico",105
"2445",27076,"Petro",60
"2446",27079,"Fajardo",215
"2447",27079,"Fico",207
"2448",27079,"Petro",156
"2449",27080,"Fajardo",155
"2450",27080,"Fico",170
"2451",27080,"Petro",352
"2452",27082,"Fajardo",13778
"2453",27082,"Fico",19393
"2454",27082,"Petro",28948
"2455",27085,"Fajardo",68
"2456",27085,"Fico",252
"2457",27085,"Petro",110
"2458",27088,"Fajardo",109
"2459",27088,"Fico",108
"2460",27088,"Petro",128
"2461",27091,"Fajardo",5323
"2462",27091,"Fico",7508
"2463",27091,"Petro",14718
"2464",27094,"Fajardo",133
"2465",27094,"Fico",435
"2466",27094,"Petro",207
"2467",27097,"Fajardo",123
"2468",27097,"Fico",415
"2469",27097,"Petro",180
"2470",27100,"Fajardo",78
"2471",27100,"Fico",111
"2472",27100,"Petro",43
"2473",27103,"Fajardo",238
"2474",27103,"Fico",203
"2475",27103,"Petro",489
"2476",27106,"Fajardo",198
"2477",27106,"Fico",127
"2478",27106,"Petro",428
"2479",27109,"Fajardo",53
"2480",27109,"Fico",81
"2481",27109,"Petro",86
"2482",27112,"Fajardo",174
"2483",27112,"Fico",284
"2484",27112,"Petro",300
"2485",27115,"Fajardo",84
"2486",27115,"Fico",39
"2487",27115,"Petro",38
"2488",27118,"Fajardo",88
"2489",27118,"Fico",146
"2490",27118,"Petro",165
"2491",27119,"Fajardo",206
"2492",27119,"Fico",460
"2493",27119,"Petro",322
"2494",27120,"Fajardo",170
"2495",27120,"Fico",297
"2496",27120,"Petro",692
"2497",27121,"Fajardo",1082
"2498",27121,"Fico",2130
"2499",27121,"Petro",1978
"2500",27124,"Fajardo",302
"2501",27124,"Fico",362
"2502",27124,"Petro",537
"2503",27127,"Fajardo",145
"2504",27127,"Fico",115
"2505",27127,"Petro",78
"2506",27130,"Fajardo",1055
"2507",27130,"Fico",1343
"2508",27130,"Petro",1536
"2509",27133,"Fajardo",125
"2510",27133,"Fico",229
"2511",27133,"Petro",263
"2512",27136,"Fajardo",240
"2513",27136,"Fico",327
"2514",27136,"Petro",335
"2515",27139,"Fajardo",125
"2516",27139,"Fico",131
"2517",27139,"Petro",92
"2518",27142,"Fajardo",128
"2519",27142,"Fico",185
"2520",27142,"Petro",152
"2521",27145,"Fajardo",370
"2522",27145,"Fico",631
"2523",27145,"Petro",601
"2524",27148,"Fajardo",82
"2525",27148,"Fico",59
"2526",27148,"Petro",107
"2527",27151,"Fajardo",53
"2528",27151,"Fico",98
"2529",27151,"Petro",76
"2530",27154,"Fajardo",102
"2531",27154,"Fico",292
"2532",27154,"Petro",88
"2533",27157,"Fajardo",188
"2534",27157,"Fico",227
"2535",27157,"Petro",202
"2536",27160,"Fajardo",6120
"2537",27160,"Fico",8276
"2538",27160,"Petro",15296
"2539",27163,"Fajardo",171
"2540",27163,"Fico",215
"2541",27163,"Petro",232
"2542",27166,"Fajardo",848
"2543",27166,"Fico",719
"2544",27166,"Petro",1339
"2545",27167,"Fajardo",89
"2546",27167,"Fico",140
"2547",27167,"Petro",206
"2548",27169,"Fajardo",518
"2549",27169,"Fico",1011
"2550",27169,"Petro",3960
"2551",27172,"Fajardo",521
"2552",27172,"Fico",877
"2553",27172,"Petro",1216
"2554",27174,"Fajardo",468
"2555",27174,"Fico",781
"2556",27174,"Petro",2127
"2557",27175,"Fajardo",235
"2558",27175,"Fico",293
"2559",27175,"Petro",361
"2560",27178,"Fajardo",51
"2561",27178,"Fico",49
"2562",27178,"Petro",83
"2563",27181,"Fajardo",2502
"2564",27181,"Fico",3554
"2565",27181,"Petro",5729
"2566",27184,"Fajardo",101
"2567",27184,"Fico",89
"2568",27184,"Petro",105
"2569",27187,"Fajardo",137
"2570",27187,"Fico",323
"2571",27187,"Petro",187
"2572",27190,"Fajardo",70
"2573",27190,"Fico",67
"2574",27190,"Petro",141
"2575",27193,"Fajardo",549
"2576",27193,"Fico",1068
"2577",27193,"Petro",1479
"2578",27194,"Fajardo",49
"2579",27194,"Fico",109
"2580",27194,"Petro",120
"2581",27195,"Fajardo",73
"2582",27195,"Fico",160
"2583",27195,"Petro",91
"2584",27196,"Fajardo",237
"2585",27196,"Fico",314
"2586",27196,"Petro",388
"2587",27199,"Fajardo",1301
"2588",27199,"Fico",2483
"2589",27199,"Petro",2079
"2590",27202,"Fajardo",360
"2591",27202,"Fico",425
"2592",27202,"Petro",416
"2593",27205,"Fajardo",128
"2594",27205,"Fico",228
"2595",27205,"Petro",186
"2596",27208,"Fajardo",90
"2597",27208,"Fico",202
"2598",27208,"Petro",195
"2599",27211,"Fajardo",154
"2600",27211,"Fico",118
"2601",27211,"Petro",202
"2602",27217,"Fajardo",262
"2603",27217,"Fico",196
"2604",27217,"Petro",419
"2605",27219,"Fajardo",45
"2606",27219,"Fico",281
"2607",27219,"Petro",25
"2608",27220,"Fajardo",793
"2609",27220,"Fico",948
"2610",27220,"Petro",1729
"2611",27221,"Fajardo",241
"2612",27221,"Fico",400
"2613",27221,"Petro",381
"2614",27223,"Fajardo",269
"2615",27223,"Fico",534
"2616",27223,"Petro",513
"2617",28001,"Fajardo",5956
"2618",28001,"Fico",30413
"2619",28001,"Petro",51457
"2620",28010,"Fajardo",118
"2621",28010,"Fico",1101
"2622",28010,"Petro",1572
"2623",28020,"Fajardo",194
"2624",28020,"Fico",515
"2625",28020,"Petro",2105
"2626",28030,"Fajardo",205
"2627",28030,"Fico",505
"2628",28030,"Petro",1510
"2629",28040,"Fajardo",1212
"2630",28040,"Fico",6809
"2631",28040,"Petro",13315
"2632",28041,"Fajardo",298
"2633",28041,"Fico",1249
"2634",28041,"Petro",2067
"2635",28042,"Fajardo",132
"2636",28042,"Fico",803
"2637",28042,"Petro",2452
"2638",28045,"Fajardo",82
"2639",28045,"Fico",385
"2640",28045,"Petro",619
"2641",28048,"Fajardo",257
"2642",28048,"Fico",2156
"2643",28048,"Petro",1405
"2644",28049,"Fajardo",171
"2645",28049,"Fico",938
"2646",28049,"Petro",1044
"2647",28050,"Fajardo",331
"2648",28050,"Fico",783
"2649",28050,"Petro",2026
"2650",28055,"Fajardo",435
"2651",28055,"Fico",1972
"2652",28055,"Petro",7242
"2653",28060,"Fajardo",532
"2654",28060,"Fico",2714
"2655",28060,"Petro",2204
"2656",28080,"Fajardo",312
"2657",28080,"Fico",1459
"2658",28080,"Petro",3649
"2659",28100,"Fajardo",265
"2660",28100,"Fico",1961
"2661",28100,"Petro",5453
"2662",28120,"Fajardo",205
"2663",28120,"Fico",926
"2664",28120,"Petro",2114
"2665",28160,"Fajardo",668
"2666",28160,"Fico",3411
"2667",28160,"Petro",6792
"2668",28180,"Fajardo",237
"2669",28180,"Fico",1482
"2670",28180,"Petro",3782
"2671",28190,"Fajardo",144
"2672",28190,"Fico",1683
"2673",28190,"Petro",3172
"2674",28200,"Fajardo",574
"2675",28200,"Fico",3727
"2676",28200,"Petro",5716
"2677",28220,"Fajardo",779
"2678",28220,"Fico",3125
"2679",28220,"Petro",7337
"2680",28240,"Fajardo",229
"2681",28240,"Fico",1955
"2682",28240,"Petro",2988
"2683",28260,"Fajardo",392
"2684",28260,"Fico",3783
"2685",28260,"Petro",3618
"2686",28280,"Fajardo",219
"2687",28280,"Fico",1739
"2688",28280,"Petro",1949
"2689",28300,"Fajardo",748
"2690",28300,"Fico",2365
"2691",28300,"Petro",6477
"2692",28320,"Fajardo",509
"2693",28320,"Fico",2061
"2694",28320,"Petro",4449
"2695",31001,"Fajardo",104224
"2696",31001,"Fico",170082
"2697",31001,"Petro",364043
"2698",31004,"Fajardo",354
"2699",31004,"Fico",699
"2700",31004,"Petro",882
"2701",31007,"Fajardo",588
"2702",31007,"Fico",1520
"2703",31007,"Petro",3132
"2704",31010,"Fajardo",450
"2705",31010,"Fico",1640
"2706",31010,"Petro",866
"2707",31013,"Fajardo",147
"2708",31013,"Fico",459
"2709",31013,"Petro",229
"2710",31016,"Fajardo",387
"2711",31016,"Fico",1329
"2712",31016,"Petro",988
"2713",31019,"Fajardo",3780
"2714",31019,"Fico",8247
"2715",31019,"Petro",45806
"2716",31022,"Fajardo",5668
"2717",31022,"Fico",9493
"2718",31022,"Petro",23181
"2719",31025,"Fajardo",634
"2720",31025,"Fico",1140
"2721",31025,"Petro",5147
"2722",31028,"Fajardo",980
"2723",31028,"Fico",3140
"2724",31028,"Petro",2280
"2725",31031,"Fajardo",2502
"2726",31031,"Fico",3658
"2727",31031,"Petro",16943
"2728",31034,"Fajardo",5255
"2729",31034,"Fico",14122
"2730",31034,"Petro",13635
"2731",31037,"Fajardo",1036
"2732",31037,"Fico",1590
"2733",31037,"Petro",4232
"2734",31040,"Fajardo",492
"2735",31040,"Fico",1092
"2736",31040,"Petro",1923
"2737",31043,"Fajardo",312
"2738",31043,"Fico",841
"2739",31043,"Petro",373
"2740",31046,"Fajardo",159
"2741",31046,"Fico",448
"2742",31046,"Petro",278
"2743",31049,"Fajardo",1818
"2744",31049,"Fico",3752
"2745",31049,"Petro",11227
"2746",31052,"Fajardo",151
"2747",31052,"Fico",795
"2748",31052,"Petro",723
"2749",31055,"Fajardo",1860
"2750",31055,"Fico",3185
"2751",31055,"Petro",14733
"2752",31058,"Fajardo",488
"2753",31058,"Fico",1424
"2754",31058,"Petro",2420
"2755",31061,"Fajardo",628
"2756",31061,"Fico",3421
"2757",31061,"Petro",5702
"2758",31064,"Fajardo",5497
"2759",31064,"Fico",7651
"2760",31064,"Petro",23632
"2761",31067,"Fajardo",458
"2762",31067,"Fico",1189
"2763",31067,"Petro",1537
"2764",31070,"Fajardo",1022
"2765",31070,"Fico",2619
"2766",31070,"Petro",2022
"2767",31073,"Fajardo",345
"2768",31073,"Fico",1041
"2769",31073,"Petro",796
"2770",31076,"Fajardo",210
"2771",31076,"Fico",631
"2772",31076,"Petro",1342
"2773",31079,"Fajardo",14258
"2774",31079,"Fico",21609
"2775",31079,"Petro",55144
"2776",31082,"Fajardo",1448
"2777",31082,"Fico",2242
"2778",31082,"Petro",8842
"2779",31085,"Fajardo",546
"2780",31085,"Fico",871
"2781",31085,"Petro",1483
"2782",31088,"Fajardo",614
"2783",31088,"Fico",1272
"2784",31088,"Petro",1321
"2785",31091,"Fajardo",1178
"2786",31091,"Fico",3620
"2787",31091,"Petro",3905
"2788",31094,"Fajardo",451
"2789",31094,"Fico",1265
"2790",31094,"Petro",1867
"2791",31097,"Fajardo",1539
"2792",31097,"Fico",2880
"2793",31097,"Petro",3320
"2794",31100,"Fajardo",352
"2795",31100,"Fico",848
"2796",31100,"Petro",736
"2797",31103,"Fajardo",636
"2798",31103,"Fico",1598
"2799",31103,"Petro",1117
"2800",31106,"Fajardo",7768
"2801",31106,"Fico",18782
"2802",31106,"Petro",26034
"2803",31109,"Fajardo",154
"2804",31109,"Fico",360
"2805",31109,"Petro",417
"2806",31112,"Fajardo",209
"2807",31112,"Fico",668
"2808",31112,"Petro",394
"2809",31115,"Fajardo",237
"2810",31115,"Fico",2529
"2811",31115,"Petro",1465
"2812",31118,"Fajardo",435
"2813",31118,"Fico",1183
"2814",31118,"Petro",1743
"2815",31121,"Fajardo",3507
"2816",31121,"Fico",6096
"2817",31121,"Petro",26374
"2818",31124,"Fajardo",1143
"2819",31124,"Fico",2922
"2820",31124,"Petro",7834
"2821",40001,"Fajardo",3878
"2822",40001,"Fico",6460
"2823",40001,"Petro",4094
"2824",40005,"Fajardo",1548
"2825",40005,"Fico",2031
"2826",40005,"Petro",3096
"2827",40010,"Fajardo",1063
"2828",40010,"Fico",1033
"2829",40010,"Petro",4125
"2830",40015,"Fajardo",78
"2831",40015,"Fico",163
"2832",40015,"Petro",135
"2833",40017,"Fajardo",214
"2834",40017,"Fico",371
"2835",40017,"Petro",1495
"2836",40020,"Fajardo",132
"2837",40020,"Fico",269
"2838",40020,"Petro",78
"2839",40025,"Fajardo",945
"2840",40025,"Fico",1402
"2841",40025,"Petro",3199
"2842",44001,"Fajardo",6191
"2843",44001,"Fico",10759
"2844",44001,"Petro",17714
"2845",44002,"Fajardo",114
"2846",44002,"Fico",306
"2847",44002,"Petro",286
"2848",44003,"Fajardo",350
"2849",44003,"Fico",519
"2850",44003,"Petro",2024
"2851",44004,"Fajardo",223
"2852",44004,"Fico",482
"2853",44004,"Petro",737
"2854",44005,"Fajardo",337
"2855",44005,"Fico",792
"2856",44005,"Petro",1339
"2857",44006,"Fajardo",164
"2858",44006,"Fico",319
"2859",44006,"Petro",901
"2860",44007,"Fajardo",216
"2861",44007,"Fico",482
"2862",44007,"Petro",1698
"2863",44009,"Fajardo",433
"2864",44009,"Fico",803
"2865",44009,"Petro",1687
"2866",44010,"Fajardo",591
"2867",44010,"Fico",1113
"2868",44010,"Petro",3102
"2869",44012,"Fajardo",141
"2870",44012,"Fico",256
"2871",44012,"Petro",393
"2872",44016,"Fajardo",119
"2873",44016,"Fico",171
"2874",44016,"Petro",688
"2875",44017,"Fajardo",116
"2876",44017,"Fico",252
"2877",44017,"Petro",251
"2878",44020,"Fajardo",233
"2879",44020,"Fico",501
"2880",44020,"Petro",1004
"2881",44022,"Fajardo",122
"2882",44022,"Fico",138
"2883",44022,"Petro",907
"2884",44024,"Fajardo",146
"2885",44024,"Fico",255
"2886",44024,"Petro",291
"2887",44040,"Fajardo",141
"2888",44040,"Fico",306
"2889",44040,"Petro",328
"2890",46001,"Fajardo",9963
"2891",46001,"Fico",11088
"2892",46001,"Petro",16583
"2893",46040,"Fajardo",2026
"2894",46040,"Fico",1947
"2895",46040,"Petro",3919
"2896",46120,"Fajardo",264
"2897",46120,"Fico",64
"2898",46120,"Petro",190
"2899",46320,"Fajardo",339
"2900",46320,"Fico",395
"2901",46320,"Petro",591
"2902",46480,"Fajardo",75
"2903",46480,"Fico",16
"2904",46480,"Petro",218
"2905",46520,"Fajardo",581
"2906",46520,"Fico",659
"2907",46520,"Petro",854
"2908",46540,"Fajardo",816
"2909",46540,"Fico",881
"2910",46540,"Petro",1256
"2911",46560,"Fajardo",332
"2912",46560,"Fico",266
"2913",46560,"Petro",375
"2914",46640,"Fajardo",257
"2915",46640,"Fico",268
"2916",46640,"Petro",645
"2917",46680,"Fajardo",1208
"2918",46680,"Fico",1433
"2919",46680,"Petro",1976
"2920",46700,"Fajardo",537
"2921",46700,"Fico",502
"2922",46700,"Petro",523
"2923",46760,"Fajardo",82
"2924",46760,"Fico",43
"2925",46760,"Petro",121
"2926",46800,"Fajardo",342
"2927",46800,"Fico",214
"2928",46800,"Petro",210
"2929",46815,"Fajardo",135
"2930",46815,"Fico",29
"2931",46815,"Petro",316
"2932",46830,"Fajardo",274
"2933",46830,"Fico",353
"2934",46830,"Petro",358
"2935",46840,"Fajardo",218
"2936",46840,"Fico",150
"2937",46840,"Petro",288
"2938",46850,"Fajardo",1366
"2939",46850,"Fico",1141
"2940",46850,"Petro",2233
"2941",46865,"Fajardo",387
"2942",46865,"Fico",443
"2943",46865,"Petro",618
"2944",46880,"Fajardo",1342
"2945",46880,"Fico",1866
"2946",46880,"Petro",2583
"2947",48001,"Fajardo",3514
"2948",48001,"Fico",16381
"2949",48001,"Petro",23927
"2950",48002,"Fajardo",286
"2951",48002,"Fico",790
"2952",48002,"Petro",4274
"2953",48004,"Fajardo",469
"2954",48004,"Fico",2041
"2955",48004,"Petro",5955
"2956",48005,"Fajardo",515
"2957",48005,"Fico",1651
"2958",48005,"Petro",3472
"2959",48006,"Fajardo",132
"2960",48006,"Fico",743
"2961",48006,"Petro",1073
"2962",48007,"Fajardo",517
"2963",48007,"Fico",2102
"2964",48007,"Petro",8293
"2965",48008,"Fajardo",513
"2966",48008,"Fico",1098
"2967",48008,"Petro",1665
"2968",48009,"Fajardo",307
"2969",48009,"Fico",1132
"2970",48009,"Petro",3852
"2971",48010,"Fajardo",4483
"2972",48010,"Fico",8563
"2973",48010,"Petro",15042
"2974",48011,"Fajardo",657
"2975",48011,"Fico",1898
"2976",48011,"Petro",5015
"2977",48012,"Fajardo",69
"2978",48012,"Fico",402
"2979",48012,"Petro",937
"2980",48013,"Fajardo",1028
"2981",48013,"Fico",3935
"2982",48013,"Petro",5345
"2983",48016,"Fajardo",1196
"2984",48016,"Fico",3119
"2985",48016,"Petro",3339
"2986",48018,"Fajardo",284
"2987",48018,"Fico",1231
"2988",48018,"Petro",2441
"2989",48020,"Fajardo",438
"2990",48020,"Fico",1929
"2991",48020,"Petro",3244
"2992",50001,"Fajardo",767
"2993",50001,"Fico",514
"2994",50001,"Petro",2038
"2995",50070,"Fajardo",34
"2996",50070,"Fico",20
"2997",50070,"Petro",482
"2998",50073,"Fajardo",3
"2999",50073,"Fico",1
"3000",50073,"Petro",6
"3001",50078,"Fajardo",1
"3002",50078,"Fico",0
"3003",50078,"Petro",8
"3004",50083,"Fajardo",1
"3005",50083,"Fico",0
"3006",50083,"Petro",47
"3007",50087,"Fajardo",23
"3008",50087,"Fico",3
"3009",50087,"Petro",110
"3010",50090,"Fajardo",19
"3011",50090,"Fico",2
"3012",50090,"Petro",19
"3013",50092,"Fajardo",0
"3014",50092,"Fico",1
"3015",50092,"Petro",23
"3016",52001,"Fajardo",23962
"3017",52001,"Fico",50013
"3018",52001,"Petro",57958
"3019",52005,"Fajardo",4403
"3020",52005,"Fico",6843
"3021",52005,"Petro",9761
"3022",52006,"Fajardo",197
"3023",52006,"Fico",269
"3024",52006,"Petro",495
"3025",52008,"Fajardo",209
"3026",52008,"Fico",586
"3027",52008,"Petro",405
"3028",52010,"Fajardo",656
"3029",52010,"Fico",1136
"3030",52010,"Petro",1702
"3031",52015,"Fajardo",182
"3032",52015,"Fico",1093
"3033",52015,"Petro",386
"3034",52020,"Fajardo",1145
"3035",52020,"Fico",2034
"3036",52020,"Petro",2121
"3037",52025,"Fajardo",69
"3038",52025,"Fico",211
"3039",52025,"Petro",79
"3040",52027,"Fajardo",121
"3041",52027,"Fico",418
"3042",52027,"Petro",958
"3043",52028,"Fajardo",143
"3044",52028,"Fico",736
"3045",52028,"Petro",246
"3046",52030,"Fajardo",263
"3047",52030,"Fico",484
"3048",52030,"Petro",945
"3049",52035,"Fajardo",2157
"3050",52035,"Fico",3062
"3051",52035,"Petro",5901
"3052",52040,"Fajardo",728
"3053",52040,"Fico",1568
"3054",52040,"Petro",1325
"3055",52041,"Fajardo",142
"3056",52041,"Fico",231
"3057",52041,"Petro",724
"3058",52042,"Fajardo",249
"3059",52042,"Fico",583
"3060",52042,"Petro",563
"3061",52043,"Fajardo",1804
"3062",52043,"Fico",2829
"3063",52043,"Petro",6674
"3064",52044,"Fajardo",204
"3065",52044,"Fico",379
"3066",52044,"Petro",1220
"3067",52045,"Fajardo",906
"3068",52045,"Fico",1945
"3069",52045,"Petro",2023
"3070",52046,"Fajardo",169
"3071",52046,"Fico",214
"3072",52046,"Petro",284
"3073",52047,"Fajardo",178
"3074",52047,"Fico",237
"3075",52047,"Petro",771
"3076",52048,"Fajardo",205
"3077",52048,"Fico",454
"3078",52048,"Petro",507
"3079",52049,"Fajardo",114
"3080",52049,"Fico",306
"3081",52049,"Petro",865
"3082",52050,"Fajardo",953
"3083",52050,"Fico",2402
"3084",52050,"Petro",1816
"3085",52055,"Fajardo",233
"3086",52055,"Fico",852
"3087",52055,"Petro",592
"3088",52058,"Fajardo",148
"3089",52058,"Fico",429
"3090",52058,"Petro",543
"3091",52059,"Fajardo",74
"3092",52059,"Fico",156
"3093",52059,"Petro",69
"3094",52060,"Fajardo",795
"3095",52060,"Fico",1504
"3096",52060,"Petro",1347
"3097",52074,"Fajardo",82
"3098",52074,"Fico",50
"3099",52074,"Petro",1842
"3100",52080,"Fajardo",554
"3101",52080,"Fico",886
"3102",52080,"Petro",1576
"3103",54001,"Fajardo",1487
"3104",54001,"Fico",1998
"3105",54001,"Petro",5440
"3106",54003,"Fajardo",143
"3107",54003,"Fico",167
"3108",54003,"Petro",828
"3109",54007,"Fajardo",199
"3110",54007,"Fico",322
"3111",54007,"Petro",757
"3112",54012,"Fajardo",70
"3113",54012,"Fico",62
"3114",54012,"Petro",657
"3115",56001,"Fajardo",1004
"3116",56001,"Fico",3538
"3117",56001,"Petro",3824
"3118",56004,"Fajardo",59
"3119",56004,"Fico",153
"3120",56004,"Petro",416
"3121",60001,"Fajardo",1604
"3122",60001,"Fico",1883
"3123",60001,"Petro",3914
"3124",60007,"Fajardo",66
"3125",60007,"Fico",56
"3126",60007,"Petro",490
"3127",60010,"Fajardo",9
"3128",60010,"Fico",6
"3129",60010,"Petro",49
"3130",60013,"Fajardo",12
"3131",60013,"Fico",38
"3132",60013,"Petro",577
"3133",60016,"Fajardo",43
"3134",60016,"Fico",3
"3135",60016,"Petro",123
"3136",60017,"Fajardo",0
"3137",60017,"Fico",1
"3138",60017,"Petro",4
"3139",60019,"Fajardo",0
"3140",60019,"Fico",4
"3141",60019,"Petro",79
"3142",60021,"Fajardo",4
"3143",60021,"Fico",6
"3144",60021,"Petro",111
"3145",60022,"Fajardo",19
"3146",60022,"Fico",7
"3147",60022,"Petro",100
"3148",60030,"Fajardo",1
"3149",60030,"Fico",0
"3150",60030,"Petro",5
"3151",60040,"Fajardo",22
"3152",60040,"Fico",4
"3153",60040,"Petro",67
"3154",64001,"Fajardo",1485
"3155",64001,"Fico",2677
"3156",64001,"Petro",11740
"3157",64002,"Fajardo",1206
"3158",64002,"Fico",1946
"3159",64002,"Petro",9684
"3160",64004,"Fajardo",755
"3161",64004,"Fico",615
"3162",64004,"Petro",1262
"3163",64007,"Fajardo",148
"3164",64007,"Fico",387
"3165",64007,"Petro",1223
"3166",64013,"Fajardo",211
"3167",64013,"Fico",566
"3168",64013,"Petro",1114
"3169",64016,"Fajardo",236
"3170",64016,"Fico",261
"3171",64016,"Petro",1436
"3172",64018,"Fajardo",138
"3173",64018,"Fico",272
"3174",64018,"Petro",2777
"3175",64019,"Fajardo",428
"3176",64019,"Fico",882
"3177",64019,"Petro",3236
"3178",64023,"Fajardo",594
"3179",64023,"Fico",772
"3180",64023,"Petro",8900
"3181",64025,"Fajardo",188
"3182",64025,"Fico",347
"3183",64025,"Petro",1845
"3184",64026,"Fajardo",166
"3185",64026,"Fico",358
"3186",64026,"Petro",2134
"3187",64028,"Fajardo",361
"3188",64028,"Fico",372
"3189",64028,"Petro",6783
"3190",64030,"Fajardo",567
"3191",64030,"Fico",880
"3192",64030,"Petro",4342
"3193",68001,"Fajardo",348
"3194",68001,"Fico",283
"3195",68001,"Petro",1917
"3196",68004,"Fajardo",20
"3197",68004,"Fico",2
"3198",68004,"Petro",237
"3199",68010,"Fajardo",0
"3200",68010,"Fico",0
"3201",68010,"Petro",31
"3202",68013,"Fajardo",1
"3203",68013,"Fico",0
"3204",68013,"Petro",165
"3205",68017,"Fajardo",25
"3206",68017,"Fico",15
"3207",68017,"Petro",74
"3208",68022,"Fajardo",2
"3209",68022,"Fico",5
"3210",68022,"Petro",69
"3211",72001,"Fajardo",848
"3212",72001,"Fico",803
"3213",72001,"Petro",1041
"3214",72002,"Fajardo",90
"3215",72002,"Fico",157
"3216",72002,"Petro",135
"3217",72006,"Fajardo",536
"3218",72006,"Fico",379
"3219",72006,"Petro",2103
"3220",72008,"Fajardo",216
"3221",72008,"Fico",328
"3222",72008,"Petro",214
"3223",88115,"Fajardo",7
"3224",88115,"Fico",3
"3225",88115,"Petro",5
"3226",88120,"Fajardo",693
"3227",88120,"Fico",402
"3228",88120,"Petro",1868
"3229",88130,"Fajardo",4
"3230",88130,"Fico",0
"3231",88130,"Petro",0
"3232",88135,"Fajardo",4
"3233",88135,"Fico",5
"3234",88135,"Petro",6
"3235",88140,"Fajardo",45
"3236",88140,"Fico",122
"3237",88140,"Petro",82
"3238",88155,"Fajardo",367
"3239",88155,"Fico",506
"3240",88155,"Petro",2132
"3241",88160,"Fajardo",109
"3242",88160,"Fico",336
"3243",88160,"Petro",184
"3244",88165,"Fajardo",787
"3245",88165,"Fico",734
"3246",88165,"Petro",2773
"3247",88170,"Fajardo",91
"3248",88170,"Fico",68
"3249",88170,"Petro",255
"3250",88190,"Fajardo",209
"3251",88190,"Fico",163
"3252",88190,"Petro",457
"3253",88215,"Fajardo",44
"3254",88215,"Fico",84
"3255",88215,"Petro",51
"3256",88220,"Fajardo",196
"3257",88220,"Fico",256
"3258",88220,"Petro",644
"3259",88250,"Fajardo",2087
"3260",88250,"Fico",3258
"3261",88250,"Petro",4305
"3262",88275,"Fajardo",23
"3263",88275,"Fico",13
"3264",88275,"Petro",37
"3265",88285,"Fajardo",337
"3266",88285,"Fico",1012
"3267",88285,"Petro",464
"3268",88290,"Fajardo",14
"3269",88290,"Fico",15
"3270",88290,"Petro",153
"3271",88305,"Fajardo",612
"3272",88305,"Fico",1311
"3273",88305,"Petro",1941
"3274",88315,"Fajardo",40
"3275",88315,"Fico",46
"3276",88315,"Petro",77
"3277",88325,"Fajardo",51
"3278",88325,"Fico",25
"3279",88325,"Petro",97
"3280",88330,"Fajardo",563
"3281",88330,"Fico",1793
"3282",88330,"Petro",886
"3283",88335,"Fajardo",2
"3284",88335,"Fico",1
"3285",88335,"Petro",10
"3286",88340,"Fajardo",40
"3287",88340,"Fico",87
"3288",88340,"Petro",32
"3289",88350,"Fajardo",93
"3290",88350,"Fico",355
"3291",88350,"Petro",114
"3292",88355,"Fajardo",2725
"3293",88355,"Fico",6589
"3294",88355,"Petro",10435
"3295",88360,"Fajardo",8542
"3296",88360,"Fico",30096
"3297",88360,"Petro",9513
"3298",88370,"Fajardo",15
"3299",88370,"Fico",13
"3300",88370,"Petro",9
"3301",88375,"Fajardo",24
"3302",88375,"Fico",21
"3303",88375,"Petro",77
"3304",88380,"Fajardo",852
"3305",88380,"Fico",576
"3306",88380,"Petro",2291
"3307",88410,"Fajardo",92
"3308",88410,"Fico",224
"3309",88410,"Petro",58
"3310",88435,"Fajardo",247
"3311",88435,"Fico",222
"3312",88435,"Petro",490
"3313",88440,"Fajardo",27
"3314",88440,"Fico",41
"3315",88440,"Petro",21
"3316",88445,"Fajardo",30
"3317",88445,"Fico",14
"3318",88445,"Petro",88
"3319",88455,"Fajardo",1
"3320",88455,"Fico",7
"3321",88455,"Petro",4
"3322",88460,"Fajardo",12
"3323",88460,"Fico",7
"3324",88460,"Petro",9
"3325",88465,"Fajardo",748
"3326",88465,"Fico",1060
"3327",88465,"Petro",1758
"3328",88470,"Fajardo",42
"3329",88470,"Fico",28
"3330",88470,"Petro",60
"3331",88490,"Fajardo",29
"3332",88490,"Fico",70
"3333",88490,"Petro",66
"3334",88495,"Fajardo",401
"3335",88495,"Fico",398
"3336",88495,"Petro",848
"3337",88500,"Fajardo",6
"3338",88500,"Fico",15
"3339",88500,"Petro",4
"3340",88505,"Fajardo",30
"3341",88505,"Fico",46
"3342",88505,"Petro",71
"3343",88515,"Fajardo",13
"3344",88515,"Fico",6
"3345",88515,"Petro",10
"3346",88535,"Fajardo",8
"3347",88535,"Fico",62
"3348",88535,"Petro",5
"3349",88540,"Fajardo",26
"3350",88540,"Fico",12
"3351",88540,"Petro",30
"3352",88560,"Fajardo",10
"3353",88560,"Fico",15
"3354",88560,"Petro",11
"3355",88580,"Fajardo",6
"3356",88580,"Fico",2
"3357",88580,"Petro",0
"3358",88590,"Fajardo",796
"3359",88590,"Fico",1161
"3360",88590,"Petro",1215
"3361",88620,"Fajardo",7
"3362",88620,"Fico",21
"3363",88620,"Petro",12
"3364",88625,"Fajardo",104
"3365",88625,"Fico",91
"3366",88625,"Petro",240
"3367",88635,"Fajardo",33
"3368",88635,"Fico",13
"3369",88635,"Petro",96
"3370",88655,"Fajardo",533
"3371",88655,"Fico",1617
"3372",88655,"Petro",700
"3373",88665,"Fajardo",20
"3374",88665,"Fico",54
"3375",88665,"Petro",22
"3376",88670,"Fajardo",277
"3377",88670,"Fico",476
"3378",88670,"Petro",281
"3379",88675,"Fajardo",18
"3380",88675,"Fico",14
"3381",88675,"Petro",66
"3382",88680,"Fajardo",82
"3383",88680,"Fico",54
"3384",88680,"Petro",172
"3385",88683,"Fajardo",66
"3386",88683,"Fico",185
"3387",88683,"Petro",183
"3388",88685,"Fajardo",146
"3389",88685,"Fico",307
"3390",88685,"Petro",129
"3391",88688,"Fajardo",39
"3392",88688,"Fico",23
"3393",88688,"Petro",18
"3394",88690,"Fajardo",0
"3395",88690,"Fico",1
"3396",88690,"Petro",7
"3397",88700,"Fajardo",12
"3398",88700,"Fico",8
"3399",88700,"Petro",75
"3400",88745,"Fajardo",10
"3401",88745,"Fico",20
"3402",88745,"Petro",15
"3403",88755,"Fajardo",94
"3404",88755,"Fico",104
"3405",88755,"Petro",348
"3406",88760,"Fajardo",328
"3407",88760,"Fico",419
"3408",88760,"Petro",832
"3409",88765,"Fajardo",8
"3410",88765,"Fico",6
"3411",88765,"Petro",15
"3412",88770,"Fajardo",18
"3413",88770,"Fico",16
"3414",88770,"Petro",53
"3415",88785,"Fajardo",12
"3416",88785,"Fico",8
"3417",88785,"Petro",10
"3418",88805,"Fajardo",36
"3419",88805,"Fico",54
"3420",88805,"Petro",119
"3421",88815,"Fajardo",93
"3422",88815,"Fico",249
"3423",88815,"Petro",72
