"","date","hits","keyword"
"1",2022-02-20,13,"/m/03c3tmt"
"2",2022-02-21,10,"/m/03c3tmt"
"3",2022-02-22,10,"/m/03c3tmt"
"4",2022-02-23,10,"/m/03c3tmt"
"5",2022-02-24,8,"/m/03c3tmt"
"6",2022-02-25,7,"/m/03c3tmt"
"7",2022-02-26,8,"/m/03c3tmt"
"8",2022-02-27,7,"/m/03c3tmt"
"9",2022-02-28,8,"/m/03c3tmt"
"10",2022-03-01,6,"/m/03c3tmt"
"11",2022-03-02,6,"/m/03c3tmt"
"12",2022-03-03,6,"/m/03c3tmt"
"13",2022-03-04,13,"/m/03c3tmt"
"14",2022-03-05,12,"/m/03c3tmt"
"15",2022-03-06,13,"/m/03c3tmt"
"16",2022-03-07,14,"/m/03c3tmt"
"17",2022-03-08,11,"/m/03c3tmt"
"18",2022-03-09,15,"/m/03c3tmt"
"19",2022-03-10,18,"/m/03c3tmt"
"20",2022-03-11,20,"/m/03c3tmt"
"21",2022-03-12,31,"/m/03c3tmt"
"22",2022-03-13,90,"/m/03c3tmt"
"23",2022-03-14,100,"/m/03c3tmt"
"24",2022-03-15,55,"/m/03c3tmt"
"25",2022-03-16,46,"/m/03c3tmt"
"26",2022-03-17,37,"/m/03c3tmt"
"27",2022-03-18,35,"/m/03c3tmt"
"28",2022-03-19,31,"/m/03c3tmt"
"29",2022-03-20,29,"/m/03c3tmt"
"30",2022-03-21,25,"/m/03c3tmt"
"31",2022-03-22,30,"/m/03c3tmt"
"32",2022-03-23,32,"/m/03c3tmt"
"33",2022-03-24,21,"/m/03c3tmt"
"34",2022-03-25,17,"/m/03c3tmt"
"35",2022-03-26,18,"/m/03c3tmt"
"36",2022-03-27,19,"/m/03c3tmt"
"37",2022-03-28,15,"/m/03c3tmt"
"38",2022-03-29,19,"/m/03c3tmt"
"39",2022-03-30,15,"/m/03c3tmt"
"40",2022-03-31,12,"/m/03c3tmt"
"41",2022-04-01,14,"/m/03c3tmt"
"42",2022-04-02,15,"/m/03c3tmt"
"43",2022-04-03,14,"/m/03c3tmt"
"44",2022-04-04,12,"/m/03c3tmt"
"45",2022-04-05,14,"/m/03c3tmt"
"46",2022-04-06,15,"/m/03c3tmt"
"47",2022-04-07,15,"/m/03c3tmt"
"48",2022-04-08,14,"/m/03c3tmt"
"49",2022-04-09,15,"/m/03c3tmt"
"50",2022-04-10,13,"/m/03c3tmt"
"51",2022-04-11,14,"/m/03c3tmt"
"52",2022-04-12,9,"/m/03c3tmt"
"53",2022-04-13,17,"/m/03c3tmt"
"54",2022-04-14,23,"/m/03c3tmt"
"55",2022-04-15,25,"/m/03c3tmt"
"56",2022-04-16,17,"/m/03c3tmt"
"57",2022-04-17,23,"/m/03c3tmt"
"58",2022-04-18,25,"/m/03c3tmt"
"59",2022-04-19,21,"/m/03c3tmt"
"60",2022-04-20,16,"/m/03c3tmt"
"61",2022-04-21,15,"/m/03c3tmt"
"62",2022-04-22,16,"/m/03c3tmt"
"63",2022-04-23,17,"/m/03c3tmt"
"64",2022-04-24,17,"/m/03c3tmt"
"65",2022-04-25,14,"/m/03c3tmt"
"66",2022-04-26,13,"/m/03c3tmt"
"67",2022-04-27,17,"/m/03c3tmt"
"68",2022-04-28,20,"/m/03c3tmt"
"69",2022-04-29,21,"/m/03c3tmt"
"70",2022-04-30,16,"/m/03c3tmt"
"71",2022-05-01,16,"/m/03c3tmt"
"72",2022-05-02,15,"/m/03c3tmt"
"73",2022-05-03,19,"/m/03c3tmt"
"74",2022-05-04,14,"/m/03c3tmt"
"75",2022-05-05,13,"/m/03c3tmt"
"76",2022-05-06,17,"/m/03c3tmt"
"77",2022-05-07,14,"/m/03c3tmt"
"78",2022-05-08,17,"/m/03c3tmt"
"79",2022-05-09,15,"/m/03c3tmt"
"80",2022-05-10,13,"/m/03c3tmt"
"81",2022-05-11,21,"/m/03c3tmt"
"82",2022-05-12,16,"/m/03c3tmt"
"83",2022-05-13,14,"/m/03c3tmt"
"84",2022-05-14,17,"/m/03c3tmt"
"85",2022-05-15,21,"/m/03c3tmt"
"86",2022-05-16,15,"/m/03c3tmt"
"87",2022-05-17,19,"/m/03c3tmt"
"88",2022-05-18,0,"/m/03c3tmt"
"89",2022-02-20,2,"/g/11b7gphb96"
"90",2022-02-21,1,"/g/11b7gphb96"
"91",2022-02-22,1,"/g/11b7gphb96"
"92",2022-02-23,1,"/g/11b7gphb96"
"93",2022-02-24,1,"/g/11b7gphb96"
"94",2022-02-25,1,"/g/11b7gphb96"
"95",2022-02-26,1,"/g/11b7gphb96"
"96",2022-02-27,1,"/g/11b7gphb96"
"97",2022-02-28,1,"/g/11b7gphb96"
"98",2022-03-01,1,"/g/11b7gphb96"
"99",2022-03-02,1,"/g/11b7gphb96"
"100",2022-03-03,1,"/g/11b7gphb96"
"101",2022-03-04,2,"/g/11b7gphb96"
"102",2022-03-05,2,"/g/11b7gphb96"
"103",2022-03-06,3,"/g/11b7gphb96"
"104",2022-03-07,3,"/g/11b7gphb96"
"105",2022-03-08,3,"/g/11b7gphb96"
"106",2022-03-09,4,"/g/11b7gphb96"
"107",2022-03-10,4,"/g/11b7gphb96"
"108",2022-03-11,7,"/g/11b7gphb96"
"109",2022-03-12,11,"/g/11b7gphb96"
"110",2022-03-13,44,"/g/11b7gphb96"
"111",2022-03-14,35,"/g/11b7gphb96"
"112",2022-03-15,13,"/g/11b7gphb96"
"113",2022-03-16,8,"/g/11b7gphb96"
"114",2022-03-17,6,"/g/11b7gphb96"
"115",2022-03-18,5,"/g/11b7gphb96"
"116",2022-03-19,6,"/g/11b7gphb96"
"117",2022-03-20,6,"/g/11b7gphb96"
"118",2022-03-21,4,"/g/11b7gphb96"
"119",2022-03-22,6,"/g/11b7gphb96"
"120",2022-03-23,4,"/g/11b7gphb96"
"121",2022-03-24,5,"/g/11b7gphb96"
"122",2022-03-25,4,"/g/11b7gphb96"
"123",2022-03-26,5,"/g/11b7gphb96"
"124",2022-03-27,6,"/g/11b7gphb96"
"125",2022-03-28,3,"/g/11b7gphb96"
"126",2022-03-29,3,"/g/11b7gphb96"
"127",2022-03-30,3,"/g/11b7gphb96"
"128",2022-03-31,2,"/g/11b7gphb96"
"129",2022-04-01,2,"/g/11b7gphb96"
"130",2022-04-02,3,"/g/11b7gphb96"
"131",2022-04-03,3,"/g/11b7gphb96"
"132",2022-04-04,3,"/g/11b7gphb96"
"133",2022-04-05,3,"/g/11b7gphb96"
"134",2022-04-06,3,"/g/11b7gphb96"
"135",2022-04-07,4,"/g/11b7gphb96"
"136",2022-04-08,2,"/g/11b7gphb96"
"137",2022-04-09,2,"/g/11b7gphb96"
"138",2022-04-10,2,"/g/11b7gphb96"
"139",2022-04-11,2,"/g/11b7gphb96"
"140",2022-04-12,1,"/g/11b7gphb96"
"141",2022-04-13,2,"/g/11b7gphb96"
"142",2022-04-14,2,"/g/11b7gphb96"
"143",2022-04-15,1,"/g/11b7gphb96"
"144",2022-04-16,2,"/g/11b7gphb96"
"145",2022-04-17,2,"/g/11b7gphb96"
"146",2022-04-18,3,"/g/11b7gphb96"
"147",2022-04-19,3,"/g/11b7gphb96"
"148",2022-04-20,2,"/g/11b7gphb96"
"149",2022-04-21,2,"/g/11b7gphb96"
"150",2022-04-22,2,"/g/11b7gphb96"
"151",2022-04-23,3,"/g/11b7gphb96"
"152",2022-04-24,2,"/g/11b7gphb96"
"153",2022-04-25,2,"/g/11b7gphb96"
"154",2022-04-26,4,"/g/11b7gphb96"
"155",2022-04-27,3,"/g/11b7gphb96"
"156",2022-04-28,3,"/g/11b7gphb96"
"157",2022-04-29,3,"/g/11b7gphb96"
"158",2022-04-30,3,"/g/11b7gphb96"
"159",2022-05-01,3,"/g/11b7gphb96"
"160",2022-05-02,2,"/g/11b7gphb96"
"161",2022-05-03,2,"/g/11b7gphb96"
"162",2022-05-04,2,"/g/11b7gphb96"
"163",2022-05-05,2,"/g/11b7gphb96"
"164",2022-05-06,3,"/g/11b7gphb96"
"165",2022-05-07,3,"/g/11b7gphb96"
"166",2022-05-08,2,"/g/11b7gphb96"
"167",2022-05-09,4,"/g/11b7gphb96"
"168",2022-05-10,4,"/g/11b7gphb96"
"169",2022-05-11,3,"/g/11b7gphb96"
"170",2022-05-12,2,"/g/11b7gphb96"
"171",2022-05-13,2,"/g/11b7gphb96"
"172",2022-05-14,2,"/g/11b7gphb96"
"173",2022-05-15,3,"/g/11b7gphb96"
"174",2022-05-16,2,"/g/11b7gphb96"
"175",2022-05-17,3,"/g/11b7gphb96"
"176",2022-05-18,0,"/g/11b7gphb96"
"177",2022-02-20,1,"/m/02vyn0k"
"178",2022-02-21,2,"/m/02vyn0k"
"179",2022-02-22,1,"/m/02vyn0k"
"180",2022-02-23,0,"/m/02vyn0k"
"181",2022-02-24,0,"/m/02vyn0k"
"182",2022-02-25,0,"/m/02vyn0k"
"183",2022-02-26,1,"/m/02vyn0k"
"184",2022-02-27,0,"/m/02vyn0k"
"185",2022-02-28,1,"/m/02vyn0k"
"186",2022-03-01,0,"/m/02vyn0k"
"187",2022-03-02,1,"/m/02vyn0k"
"188",2022-03-03,0,"/m/02vyn0k"
"189",2022-03-04,1,"/m/02vyn0k"
"190",2022-03-05,1,"/m/02vyn0k"
"191",2022-03-06,1,"/m/02vyn0k"
"192",2022-03-07,1,"/m/02vyn0k"
"193",2022-03-08,1,"/m/02vyn0k"
"194",2022-03-09,2,"/m/02vyn0k"
"195",2022-03-10,3,"/m/02vyn0k"
"196",2022-03-11,2,"/m/02vyn0k"
"197",2022-03-12,4,"/m/02vyn0k"
"198",2022-03-13,15,"/m/02vyn0k"
"199",2022-03-14,12,"/m/02vyn0k"
"200",2022-03-15,4,"/m/02vyn0k"
"201",2022-03-16,3,"/m/02vyn0k"
"202",2022-03-17,4,"/m/02vyn0k"
"203",2022-03-18,3,"/m/02vyn0k"
"204",2022-03-19,2,"/m/02vyn0k"
"205",2022-03-20,2,"/m/02vyn0k"
"206",2022-03-21,1,"/m/02vyn0k"
"207",2022-03-22,4,"/m/02vyn0k"
"208",2022-03-23,3,"/m/02vyn0k"
"209",2022-03-24,2,"/m/02vyn0k"
"210",2022-03-25,1,"/m/02vyn0k"
"211",2022-03-26,2,"/m/02vyn0k"
"212",2022-03-27,3,"/m/02vyn0k"
"213",2022-03-28,2,"/m/02vyn0k"
"214",2022-03-29,2,"/m/02vyn0k"
"215",2022-03-30,1,"/m/02vyn0k"
"216",2022-03-31,2,"/m/02vyn0k"
"217",2022-04-01,1,"/m/02vyn0k"
"218",2022-04-02,1,"/m/02vyn0k"
"219",2022-04-03,2,"/m/02vyn0k"
"220",2022-04-04,1,"/m/02vyn0k"
"221",2022-04-05,1,"/m/02vyn0k"
"222",2022-04-06,2,"/m/02vyn0k"
"223",2022-04-07,1,"/m/02vyn0k"
"224",2022-04-08,1,"/m/02vyn0k"
"225",2022-04-09,1,"/m/02vyn0k"
"226",2022-04-10,1,"/m/02vyn0k"
"227",2022-04-11,1,"/m/02vyn0k"
"228",2022-04-12,1,"/m/02vyn0k"
"229",2022-04-13,1,"/m/02vyn0k"
"230",2022-04-14,2,"/m/02vyn0k"
"231",2022-04-15,1,"/m/02vyn0k"
"232",2022-04-16,2,"/m/02vyn0k"
"233",2022-04-17,2,"/m/02vyn0k"
"234",2022-04-18,2,"/m/02vyn0k"
"235",2022-04-19,2,"/m/02vyn0k"
"236",2022-04-20,2,"/m/02vyn0k"
"237",2022-04-21,1,"/m/02vyn0k"
"238",2022-04-22,1,"/m/02vyn0k"
"239",2022-04-23,2,"/m/02vyn0k"
"240",2022-04-24,2,"/m/02vyn0k"
"241",2022-04-25,1,"/m/02vyn0k"
"242",2022-04-26,1,"/m/02vyn0k"
"243",2022-04-27,3,"/m/02vyn0k"
"244",2022-04-28,3,"/m/02vyn0k"
"245",2022-04-29,2,"/m/02vyn0k"
"246",2022-04-30,2,"/m/02vyn0k"
"247",2022-05-01,2,"/m/02vyn0k"
"248",2022-05-02,2,"/m/02vyn0k"
"249",2022-05-03,1,"/m/02vyn0k"
"250",2022-05-04,2,"/m/02vyn0k"
"251",2022-05-05,1,"/m/02vyn0k"
"252",2022-05-06,1,"/m/02vyn0k"
"253",2022-05-07,1,"/m/02vyn0k"
"254",2022-05-08,1,"/m/02vyn0k"
"255",2022-05-09,3,"/m/02vyn0k"
"256",2022-05-10,2,"/m/02vyn0k"
"257",2022-05-11,2,"/m/02vyn0k"
"258",2022-05-12,1,"/m/02vyn0k"
"259",2022-05-13,2,"/m/02vyn0k"
"260",2022-05-14,1,"/m/02vyn0k"
"261",2022-05-15,1,"/m/02vyn0k"
"262",2022-05-16,2,"/m/02vyn0k"
"263",2022-05-17,2,"/m/02vyn0k"
"264",2022-05-18,0,"/m/02vyn0k"
"265",2022-02-20,1,"/m/019d8_"
"266",2022-02-21,1,"/m/019d8_"
"267",2022-02-22,0,"/m/019d8_"
"268",2022-02-23,1,"/m/019d8_"
"269",2022-02-24,1,"/m/019d8_"
"270",2022-02-25,1,"/m/019d8_"
"271",2022-02-26,0,"/m/019d8_"
"272",2022-02-27,0,"/m/019d8_"
"273",2022-02-28,1,"/m/019d8_"
"274",2022-03-01,0,"/m/019d8_"
"275",2022-03-02,0,"/m/019d8_"
"276",2022-03-03,0,"/m/019d8_"
"277",2022-03-04,0,"/m/019d8_"
"278",2022-03-05,0,"/m/019d8_"
"279",2022-03-06,0,"/m/019d8_"
"280",2022-03-07,1,"/m/019d8_"
"281",2022-03-08,0,"/m/019d8_"
"282",2022-03-09,0,"/m/019d8_"
"283",2022-03-10,0,"/m/019d8_"
"284",2022-03-11,1,"/m/019d8_"
"285",2022-03-12,1,"/m/019d8_"
"286",2022-03-13,2,"/m/019d8_"
"287",2022-03-14,2,"/m/019d8_"
"288",2022-03-15,8,"/m/019d8_"
"289",2022-03-16,6,"/m/019d8_"
"290",2022-03-17,3,"/m/019d8_"
"291",2022-03-18,3,"/m/019d8_"
"292",2022-03-19,2,"/m/019d8_"
"293",2022-03-20,2,"/m/019d8_"
"294",2022-03-21,1,"/m/019d8_"
"295",2022-03-22,5,"/m/019d8_"
"296",2022-03-23,1,"/m/019d8_"
"297",2022-03-24,1,"/m/019d8_"
"298",2022-03-25,1,"/m/019d8_"
"299",2022-03-26,1,"/m/019d8_"
"300",2022-03-27,1,"/m/019d8_"
"301",2022-03-28,0,"/m/019d8_"
"302",2022-03-29,1,"/m/019d8_"
"303",2022-03-30,2,"/m/019d8_"
"304",2022-03-31,1,"/m/019d8_"
"305",2022-04-01,3,"/m/019d8_"
"306",2022-04-02,3,"/m/019d8_"
"307",2022-04-03,1,"/m/019d8_"
"308",2022-04-04,1,"/m/019d8_"
"309",2022-04-05,1,"/m/019d8_"
"310",2022-04-06,1,"/m/019d8_"
"311",2022-04-07,1,"/m/019d8_"
"312",2022-04-08,1,"/m/019d8_"
"313",2022-04-09,1,"/m/019d8_"
"314",2022-04-10,1,"/m/019d8_"
"315",2022-04-11,0,"/m/019d8_"
"316",2022-04-12,0,"/m/019d8_"
"317",2022-04-13,1,"/m/019d8_"
"318",2022-04-14,1,"/m/019d8_"
"319",2022-04-15,1,"/m/019d8_"
"320",2022-04-16,0,"/m/019d8_"
"321",2022-04-17,1,"/m/019d8_"
"322",2022-04-18,1,"/m/019d8_"
"323",2022-04-19,1,"/m/019d8_"
"324",2022-04-20,1,"/m/019d8_"
"325",2022-04-21,1,"/m/019d8_"
"326",2022-04-22,1,"/m/019d8_"
"327",2022-04-23,1,"/m/019d8_"
"328",2022-04-24,0,"/m/019d8_"
"329",2022-04-25,1,"/m/019d8_"
"330",2022-04-26,1,"/m/019d8_"
"331",2022-04-27,1,"/m/019d8_"
"332",2022-04-28,0,"/m/019d8_"
"333",2022-04-29,1,"/m/019d8_"
"334",2022-04-30,3,"/m/019d8_"
"335",2022-05-01,2,"/m/019d8_"
"336",2022-05-02,1,"/m/019d8_"
"337",2022-05-03,1,"/m/019d8_"
"338",2022-05-04,1,"/m/019d8_"
"339",2022-05-05,1,"/m/019d8_"
"340",2022-05-06,1,"/m/019d8_"
"341",2022-05-07,1,"/m/019d8_"
"342",2022-05-08,1,"/m/019d8_"
"343",2022-05-09,1,"/m/019d8_"
"344",2022-05-10,1,"/m/019d8_"
"345",2022-05-11,1,"/m/019d8_"
"346",2022-05-12,1,"/m/019d8_"
"347",2022-05-13,1,"/m/019d8_"
"348",2022-05-14,1,"/m/019d8_"
"349",2022-05-15,0,"/m/019d8_"
"350",2022-05-16,2,"/m/019d8_"
"351",2022-05-17,1,"/m/019d8_"
"352",2022-05-18,0,"/m/019d8_"
"353",2022-02-20,5,"/g/11hcszl05g"
"354",2022-02-21,3,"/g/11hcszl05g"
"355",2022-02-22,2,"/g/11hcszl05g"
"356",2022-02-23,2,"/g/11hcszl05g"
"357",2022-02-24,2,"/g/11hcszl05g"
"358",2022-02-25,1,"/g/11hcszl05g"
"359",2022-02-26,2,"/g/11hcszl05g"
"360",2022-02-27,1,"/g/11hcszl05g"
"361",2022-02-28,2,"/g/11hcszl05g"
"362",2022-03-01,2,"/g/11hcszl05g"
"363",2022-03-02,2,"/g/11hcszl05g"
"364",2022-03-03,2,"/g/11hcszl05g"
"365",2022-03-04,2,"/g/11hcszl05g"
"366",2022-03-05,2,"/g/11hcszl05g"
"367",2022-03-06,5,"/g/11hcszl05g"
"368",2022-03-07,5,"/g/11hcszl05g"
"369",2022-03-08,4,"/g/11hcszl05g"
"370",2022-03-09,4,"/g/11hcszl05g"
"371",2022-03-10,4,"/g/11hcszl05g"
"372",2022-03-11,5,"/g/11hcszl05g"
"373",2022-03-12,9,"/g/11hcszl05g"
"374",2022-03-13,33,"/g/11hcszl05g"
"375",2022-03-14,21,"/g/11hcszl05g"
"376",2022-03-15,7,"/g/11hcszl05g"
"377",2022-03-16,6,"/g/11hcszl05g"
"378",2022-03-17,4,"/g/11hcszl05g"
"379",2022-03-18,2,"/g/11hcszl05g"
"380",2022-03-19,2,"/g/11hcszl05g"
"381",2022-03-20,3,"/g/11hcszl05g"
"382",2022-03-21,3,"/g/11hcszl05g"
"383",2022-03-22,3,"/g/11hcszl05g"
"384",2022-03-23,2,"/g/11hcszl05g"
"385",2022-03-24,3,"/g/11hcszl05g"
"386",2022-03-25,2,"/g/11hcszl05g"
"387",2022-03-26,3,"/g/11hcszl05g"
"388",2022-03-27,4,"/g/11hcszl05g"
"389",2022-03-28,4,"/g/11hcszl05g"
"390",2022-03-29,4,"/g/11hcszl05g"
"391",2022-03-30,3,"/g/11hcszl05g"
"392",2022-03-31,3,"/g/11hcszl05g"
"393",2022-04-01,3,"/g/11hcszl05g"
"394",2022-04-02,2,"/g/11hcszl05g"
"395",2022-04-03,3,"/g/11hcszl05g"
"396",2022-04-04,1,"/g/11hcszl05g"
"397",2022-04-05,2,"/g/11hcszl05g"
"398",2022-04-06,1,"/g/11hcszl05g"
"399",2022-04-07,2,"/g/11hcszl05g"
"400",2022-04-08,2,"/g/11hcszl05g"
"401",2022-04-09,2,"/g/11hcszl05g"
"402",2022-04-10,2,"/g/11hcszl05g"
"403",2022-04-11,2,"/g/11hcszl05g"
"404",2022-04-12,2,"/g/11hcszl05g"
"405",2022-04-13,2,"/g/11hcszl05g"
"406",2022-04-14,3,"/g/11hcszl05g"
"407",2022-04-15,2,"/g/11hcszl05g"
"408",2022-04-16,2,"/g/11hcszl05g"
"409",2022-04-17,2,"/g/11hcszl05g"
"410",2022-04-18,3,"/g/11hcszl05g"
"411",2022-04-19,3,"/g/11hcszl05g"
"412",2022-04-20,3,"/g/11hcszl05g"
"413",2022-04-21,3,"/g/11hcszl05g"
"414",2022-04-22,3,"/g/11hcszl05g"
"415",2022-04-23,3,"/g/11hcszl05g"
"416",2022-04-24,3,"/g/11hcszl05g"
"417",2022-04-25,2,"/g/11hcszl05g"
"418",2022-04-26,3,"/g/11hcszl05g"
"419",2022-04-27,4,"/g/11hcszl05g"
"420",2022-04-28,5,"/g/11hcszl05g"
"421",2022-04-29,12,"/g/11hcszl05g"
"422",2022-04-30,4,"/g/11hcszl05g"
"423",2022-05-01,6,"/g/11hcszl05g"
"424",2022-05-02,3,"/g/11hcszl05g"
"425",2022-05-03,4,"/g/11hcszl05g"
"426",2022-05-04,3,"/g/11hcszl05g"
"427",2022-05-05,4,"/g/11hcszl05g"
"428",2022-05-06,22,"/g/11hcszl05g"
"429",2022-05-07,22,"/g/11hcszl05g"
"430",2022-05-08,9,"/g/11hcszl05g"
"431",2022-05-09,7,"/g/11hcszl05g"
"432",2022-05-10,5,"/g/11hcszl05g"
"433",2022-05-11,5,"/g/11hcszl05g"
"434",2022-05-12,4,"/g/11hcszl05g"
"435",2022-05-13,5,"/g/11hcszl05g"
"436",2022-05-14,6,"/g/11hcszl05g"
"437",2022-05-15,7,"/g/11hcszl05g"
"438",2022-05-16,8,"/g/11hcszl05g"
"439",2022-05-17,9,"/g/11hcszl05g"
"440",2022-05-18,0,"/g/11hcszl05g"
